,Date,ConfirmedCases,DailyCases,FIPS,MMWR_week,Recip_County,Recip_State,Series_Complete_Pop_Pct,Series_Complete_Yes,Series_Complete_12Plus,Series_Complete_12PlusPop_Pct,Series_Complete_18Plus,Series_Complete_18PlusPop_Pct,Series_Complete_65Plus,Series_Complete_65PlusPop_Pct,Completeness_pct,Administered_Dose1_Recip,Administered_Dose1_Pop_Pct,Administered_Dose1_Recip_12Plus,Administered_Dose1_Recip_12PlusPop_Pct,Administered_Dose1_Recip_18Plus,Administered_Dose1_Recip_18PlusPop_Pct,Administered_Dose1_Recip_65Plus,Administered_Dose1_Recip_65PlusPop_Pct,SVI_CTGY,Series_Complete_Pop_Pct_SVI,Series_Complete_12PlusPop_Pct_SVI,Series_Complete_18PlusPop_Pct_SVI,Series_Complete_65PlusPop_Pct_SVI,Metro_status,Series_Complete_Pop_Pct_UR_Equity,Series_Complete_12PlusPop_Pct_UR_Equity,Series_Complete_18PlusPop_Pct_UR_Equity,Series_Complete_65PlusPop_Pct_UR_Equity
316,2020-12-13,54533,453.0,17043,51.0,DuPage County,IL,0.0,0.0,0.0,0.0,0.0,0.0,0.0,0.0,0.0,0.0,0.0,0.0,0.0,0.0,0.0,0.0,0.0,A,0.0,0.0,0.0,0.0,Metro,0.0,0.0,0.0,0.0
317,2020-12-14,55013,480.0,17043,51.0,DuPage County,IL,0.0,0.0,0.0,0.0,0.0,0.0,0.0,0.0,0.0,0.0,0.0,0.0,0.0,0.0,0.0,0.0,0.0,A,0.0,0.0,0.0,0.0,Metro,0.0,0.0,0.0,0.0
318,2020-12-15,55495,482.0,17043,51.0,DuPage County,IL,0.0,0.0,0.0,0.0,0.0,0.0,0.0,0.0,0.0,0.0,0.0,0.0,0.0,0.0,0.0,0.0,0.0,A,0.0,0.0,0.0,0.0,Metro,0.0,0.0,0.0,0.0
319,2020-12-16,55941,446.0,17043,51.0,DuPage County,IL,0.0,0.0,0.0,0.0,0.0,0.0,0.0,0.0,0.0,0.0,0.0,0.0,0.0,0.0,0.0,0.0,0.0,A,0.0,0.0,0.0,0.0,Metro,0.0,0.0,0.0,0.0
320,2020-12-17,56512,571.0,17043,51.0,DuPage County,IL,0.0,0.0,0.0,0.0,0.0,0.0,0.0,0.0,0.0,0.0,0.0,0.0,0.0,0.0,0.0,0.0,0.0,A,0.0,0.0,0.0,0.0,Metro,0.0,0.0,0.0,0.0
321,2020-12-18,56881,369.0,17043,51.0,DuPage County,IL,0.0,0.0,0.0,0.0,0.0,0.0,0.0,0.0,0.0,0.0,0.0,0.0,0.0,0.0,0.0,0.0,0.0,A,0.0,0.0,0.0,0.0,Metro,0.0,0.0,0.0,0.0
322,2020-12-19,57421,540.0,17043,51.0,DuPage County,IL,0.0,0.0,0.0,0.0,0.0,0.0,0.0,0.0,0.0,0.0,0.0,0.0,0.0,0.0,0.0,0.0,0.0,A,0.0,0.0,0.0,0.0,Metro,0.0,0.0,0.0,0.0
323,2020-12-20,57784,363.0,17043,52.0,DuPage County,IL,0.0,0.0,0.0,0.0,0.0,0.0,0.0,0.0,0.0,0.0,0.0,0.0,0.0,0.0,0.0,0.0,0.0,A,0.0,0.0,0.0,0.0,Metro,0.0,0.0,0.0,0.0
324,2020-12-21,58048,264.0,17043,52.0,DuPage County,IL,0.0,0.0,0.0,0.0,0.0,0.0,0.0,0.0,0.0,0.0,0.0,0.0,0.0,0.0,0.0,0.0,0.0,A,0.0,0.0,0.0,0.0,Metro,0.0,0.0,0.0,0.0
325,2020-12-22,58402,354.0,17043,52.0,DuPage County,IL,0.0,0.0,0.0,0.0,0.0,0.0,0.0,0.0,0.0,0.0,0.0,0.0,0.0,0.0,0.0,0.0,0.0,A,0.0,0.0,0.0,0.0,Metro,0.0,0.0,0.0,0.0
326,2020-12-23,58741,339.0,17043,52.0,DuPage County,IL,0.0,0.0,0.0,0.0,0.0,0.0,0.0,0.0,0.0,0.0,0.0,0.0,0.0,0.0,0.0,0.0,0.0,A,0.0,0.0,0.0,0.0,Metro,0.0,0.0,0.0,0.0
327,2020-12-24,59212,471.0,17043,52.0,DuPage County,IL,0.0,0.0,0.0,0.0,0.0,0.0,0.0,0.0,0.0,0.0,0.0,0.0,0.0,0.0,0.0,0.0,0.0,A,0.0,0.0,0.0,0.0,Metro,0.0,0.0,0.0,0.0
328,2020-12-25,59577,365.0,17043,52.0,DuPage County,IL,0.0,0.0,0.0,0.0,0.0,0.0,0.0,0.0,0.0,0.0,0.0,0.0,0.0,0.0,0.0,0.0,0.0,A,0.0,0.0,0.0,0.0,Metro,0.0,0.0,0.0,0.0
329,2020-12-26,59758,181.0,17043,52.0,DuPage County,IL,0.0,0.0,0.0,0.0,0.0,0.0,0.0,0.0,0.0,0.0,0.0,0.0,0.0,0.0,0.0,0.0,0.0,A,0.0,0.0,0.0,0.0,Metro,0.0,0.0,0.0,0.0
330,2020-12-27,60077,319.0,17043,53.0,DuPage County,IL,0.0,0.0,0.0,0.0,0.0,0.0,0.0,0.0,0.0,0.0,0.0,0.0,0.0,0.0,0.0,0.0,0.0,A,0.0,0.0,0.0,0.0,Metro,0.0,0.0,0.0,0.0
331,2020-12-28,60473,396.0,17043,53.0,DuPage County,IL,0.0,0.0,0.0,0.0,0.0,0.0,0.0,0.0,0.0,0.0,0.0,0.0,0.0,0.0,0.0,0.0,0.0,A,0.0,0.0,0.0,0.0,Metro,0.0,0.0,0.0,0.0
332,2020-12-29,60839,366.0,17043,53.0,DuPage County,IL,0.0,0.0,0.0,0.0,0.0,0.0,0.0,0.0,0.0,0.0,0.0,0.0,0.0,0.0,0.0,0.0,0.0,A,0.0,0.0,0.0,0.0,Metro,0.0,0.0,0.0,0.0
333,2020-12-30,61271,432.0,17043,53.0,DuPage County,IL,0.0,64.0,64.0,0.0,64.0,0.0,11.0,0.0,97.5,12390.0,1.3,12388.0,1.6,12386.0,1.7,1089.0,0.7,A,1.0,1.0,1.0,1.0,Metro,0.0,0.0,0.0,0.0
334,2020-12-31,61805,534.0,17043,53.0,DuPage County,IL,0.0,74.0,74.0,0.0,74.0,0.0,14.0,0.0,97.0,13783.0,1.5,13780.0,1.7,13776.0,1.9,1387.0,0.9,A,1.0,1.0,1.0,1.0,Metro,0.0,0.0,0.0,0.0
335,2021-01-01,61805,0.0,17043,53.0,DuPage County,IL,0.0,76.0,76.0,0.0,76.0,0.0,15.0,0.0,97.3,15034.0,1.6,15031.0,1.9,15026.0,2.1,1635.0,1.1,A,1.0,1.0,1.0,1.0,Metro,0.0,0.0,0.0,0.0
336,2021-01-02,62676,871.0,17043,53.0,DuPage County,IL,0.0,78.0,78.0,0.0,78.0,0.0,15.0,0.0,97.3,15543.0,1.7,15540.0,2.0,15534.0,2.2,1830.0,1.2,A,1.0,1.0,1.0,1.0,Metro,0.0,0.0,0.0,0.0
337,2021-01-03,63022,346.0,17043,1.0,DuPage County,IL,0.0,78.0,78.0,0.0,78.0,0.0,15.0,0.0,97.4,15719.0,1.7,15716.0,2.0,15710.0,2.2,1877.0,1.3,A,1.0,1.0,1.0,1.0,Metro,0.0,0.0,0.0,0.0
338,2021-01-04,63396,374.0,17043,1.0,DuPage County,IL,0.0,79.0,79.0,0.0,79.0,0.0,15.0,0.0,97.4,16029.0,1.7,16026.0,2.0,16020.0,2.2,1916.0,1.3,A,1.0,1.0,1.0,1.0,Metro,0.0,0.0,0.0,0.0
339,2021-01-05,63831,435.0,17043,1.0,DuPage County,IL,0.0,88.0,88.0,0.0,88.0,0.0,16.0,0.0,95.9,16607.0,1.8,16604.0,2.1,16598.0,2.3,1978.0,1.3,A,1.0,1.0,1.0,1.0,Metro,0.0,0.0,0.0,0.0
340,2021-01-06,64259,428.0,17043,1.0,DuPage County,IL,0.0,132.0,132.0,0.0,132.0,0.0,25.0,0.0,94.6,17891.0,1.9,17887.0,2.3,17881.0,2.5,2119.0,1.4,A,1.0,1.0,1.0,1.0,Metro,0.0,0.0,0.0,0.0
341,2021-01-07,64755,496.0,17043,1.0,DuPage County,IL,0.0,381.0,381.0,0.0,381.0,0.1,41.0,0.0,96.3,19259.0,2.1,19255.0,2.4,19247.0,2.7,2360.0,1.6,A,1.0,1.0,1.0,1.0,Metro,0.0,0.0,1.0,0.0
342,2021-01-08,65385,630.0,17043,1.0,DuPage County,IL,0.2,1831.0,1831.0,0.2,1831.0,0.3,142.0,0.1,98.3,19854.0,2.2,19850.0,2.5,19842.0,2.8,2452.0,1.6,A,1.0,1.0,1.0,1.0,Metro,1.0,1.0,1.0,1.0
343,2021-01-09,65784,399.0,17043,1.0,DuPage County,IL,0.4,3585.0,3585.0,0.5,3585.0,0.5,248.0,0.2,98.5,22066.0,2.4,22062.0,2.8,22049.0,3.1,3117.0,2.1,A,1.0,1.0,1.0,1.0,Metro,1.0,1.0,1.0,1.0
344,2021-01-10,66084,300.0,17043,2.0,DuPage County,IL,0.6,5316.0,5316.0,0.7,5316.0,0.7,363.0,0.2,98.5,22937.0,2.5,22933.0,2.9,22917.0,3.2,3241.0,2.2,A,1.0,1.0,1.0,1.0,Metro,1.0,1.0,1.0,1.0
345,2021-01-11,66414,330.0,17043,2.0,DuPage County,IL,0.7,6328.0,6328.0,0.8,6328.0,0.9,451.0,0.3,98.6,23592.0,2.6,23588.0,3.0,23572.0,3.3,3351.0,2.2,A,1.0,1.0,1.0,1.0,Metro,1.0,1.0,1.0,1.0
346,2021-01-12,66858,444.0,17043,2.0,DuPage County,IL,0.9,7937.0,7937.0,1.0,7937.0,1.1,626.0,0.4,98.6,23993.0,2.6,23989.0,3.0,23973.0,3.4,3472.0,2.3,A,1.0,1.0,1.0,1.0,Metro,1.0,1.0,1.0,1.0
347,2021-01-13,67271,413.0,17043,2.0,DuPage County,IL,1.0,9680.0,9680.0,1.2,9680.0,1.4,789.0,0.5,98.6,26193.0,2.8,26189.0,3.3,26172.0,3.7,3826.0,2.6,A,1.0,1.0,1.0,1.0,Metro,1.0,1.0,1.0,1.0
348,2021-01-14,67651,380.0,17043,2.0,DuPage County,IL,1.1,10537.0,10536.0,1.3,10536.0,1.5,863.0,0.6,98.5,28021.0,3.0,28017.0,3.6,27999.0,3.9,4121.0,2.8,A,1.0,1.0,1.0,1.0,Metro,1.0,1.0,1.0,1.0
349,2021-01-15,68156,505.0,17043,2.0,DuPage County,IL,1.3,11845.0,11844.0,1.5,11844.0,1.7,959.0,0.6,98.4,29728.0,3.2,29724.0,3.8,29703.0,4.2,4364.0,2.9,A,1.0,1.0,1.0,1.0,Metro,1.0,1.0,1.0,1.0
350,2021-01-16,68534,378.0,17043,2.0,DuPage County,IL,1.3,12040.0,12039.0,1.5,12039.0,1.7,977.0,0.7,98.3,31602.0,3.4,31598.0,4.0,31576.0,4.4,4819.0,3.2,A,1.0,1.0,1.0,1.0,Metro,1.0,1.0,1.0,1.0
351,2021-01-17,68737,203.0,17043,3.0,DuPage County,IL,1.3,12168.0,12167.0,1.5,12167.0,1.7,995.0,0.7,98.2,33057.0,3.6,33053.0,4.2,33017.0,4.6,5460.0,3.7,A,1.0,1.0,1.0,1.0,Metro,1.0,1.0,1.0,1.0
352,2021-01-18,68970,233.0,17043,3.0,DuPage County,IL,1.3,12279.0,12278.0,1.6,12278.0,1.7,1005.0,0.7,98.2,33995.0,3.7,33991.0,4.3,33955.0,4.7,5806.0,3.9,A,1.0,1.0,1.0,1.0,Metro,1.0,1.0,1.0,1.0
353,2021-01-19,69285,315.0,17043,3.0,DuPage County,IL,1.3,12415.0,12414.0,1.6,12414.0,1.7,1017.0,0.7,98.1,34867.0,3.8,34863.0,4.4,34823.0,4.9,6219.0,4.2,A,1.0,1.0,1.0,1.0,Metro,1.0,1.0,1.0,1.0
354,2021-01-20,69579,294.0,17043,3.0,DuPage County,IL,1.5,13510.0,13509.0,1.7,13508.0,1.9,1155.0,0.8,97.9,36412.0,3.9,36408.0,4.6,36364.0,5.1,6833.0,4.6,A,1.0,1.0,1.0,1.0,Metro,1.0,1.0,1.0,1.0
355,2021-01-21,69900,321.0,17043,3.0,DuPage County,IL,1.6,14708.0,14707.0,1.9,14701.0,2.1,1576.0,1.1,97.9,38194.0,4.1,38190.0,4.8,38132.0,5.3,7601.0,5.1,A,1.0,1.0,1.0,1.0,Metro,1.0,1.0,1.0,1.0
356,2021-01-22,70324,424.0,17043,3.0,DuPage County,IL,1.7,15436.0,15435.0,2.0,15429.0,2.2,1766.0,1.2,97.9,40421.0,4.4,40417.0,5.1,40357.0,5.6,8381.0,5.6,A,1.0,1.0,1.0,1.0,Metro,1.0,1.0,1.0,1.0
357,2021-01-23,70712,388.0,17043,3.0,DuPage County,IL,1.7,15775.0,15774.0,2.0,15768.0,2.2,1813.0,1.2,97.9,42348.0,4.6,42343.0,5.4,42277.0,5.9,9031.0,6.1,A,1.0,1.0,1.0,1.0,Metro,1.0,1.0,1.0,1.0
358,2021-01-24,70890,178.0,17043,4.0,DuPage County,IL,1.7,15893.0,15892.0,2.0,15886.0,2.2,1825.0,1.2,97.8,43611.0,4.7,43606.0,5.5,43537.0,6.1,9520.0,6.4,A,1.0,1.0,1.0,1.0,Metro,1.0,1.0,1.0,1.0
359,2021-01-25,71070,180.0,17043,4.0,DuPage County,IL,1.8,16167.0,16166.0,2.0,16160.0,2.3,1855.0,1.2,97.9,44824.0,4.9,44819.0,5.7,44747.0,6.3,10099.0,6.8,A,1.0,1.0,1.0,1.0,Metro,1.0,1.0,1.0,1.0
360,2021-01-26,71323,253.0,17043,4.0,DuPage County,IL,1.8,16444.0,16443.0,2.1,16437.0,2.3,1891.0,1.3,97.9,45952.0,5.0,45947.0,5.8,45872.0,6.4,10553.0,7.1,A,1.0,1.0,1.0,1.0,Metro,1.0,1.0,1.0,1.0
361,2021-01-27,71529,206.0,17043,4.0,DuPage County,IL,1.8,16935.0,16934.0,2.1,16928.0,2.4,1944.0,1.3,97.9,47622.0,5.2,47617.0,6.0,47539.0,6.6,11270.0,7.6,A,1.0,1.0,1.0,1.0,Metro,1.0,1.0,1.0,1.0
362,2021-01-28,71819,290.0,17043,4.0,DuPage County,IL,2.0,18174.0,18173.0,2.3,18164.0,2.5,2205.0,1.5,97.9,50638.0,5.5,50632.0,6.4,50546.0,7.1,12867.0,8.6,A,1.0,1.0,1.0,1.0,Metro,1.0,1.0,1.0,1.0
363,2021-01-29,72068,249.0,17043,4.0,DuPage County,IL,2.1,19202.0,19201.0,2.4,19192.0,2.7,2370.0,1.6,97.8,52885.0,5.7,52878.0,6.7,52790.0,7.4,13938.0,9.4,A,1.0,1.0,1.0,1.0,Metro,1.0,1.0,1.0,1.0
364,2021-01-30,72279,211.0,17043,4.0,DuPage County,IL,2.2,20446.0,20445.0,2.6,20434.0,2.9,2721.0,1.8,97.8,55928.0,6.1,55920.0,7.1,55828.0,7.8,15439.0,10.4,A,1.0,1.0,1.0,1.0,Metro,1.0,1.0,1.0,1.0
365,2021-01-31,72454,175.0,17043,5.0,DuPage County,IL,2.3,20878.0,20877.0,2.6,20866.0,2.9,2802.0,1.9,97.8,59123.0,6.4,59115.0,7.5,59018.0,8.3,17434.0,11.7,A,1.0,1.0,1.0,1.0,Metro,1.0,1.0,1.0,1.0
366,2021-02-01,72610,156.0,17043,5.0,DuPage County,IL,2.3,21221.0,21220.0,2.7,21209.0,3.0,2879.0,1.9,97.8,60790.0,6.6,60781.0,7.7,60684.0,8.5,18192.0,12.2,A,1.0,1.0,1.0,1.0,Metro,1.0,1.0,1.0,1.0
367,2021-02-02,72732,122.0,17043,5.0,DuPage County,IL,2.3,21613.0,21612.0,2.7,21600.0,3.0,2972.0,2.0,97.8,62534.0,6.8,62525.0,7.9,62427.0,8.7,19186.0,12.9,A,1.0,1.0,1.0,1.0,Metro,1.0,1.0,1.0,1.0
368,2021-02-03,72945,213.0,17043,5.0,DuPage County,IL,2.5,22835.0,22834.0,2.9,22821.0,3.2,3177.0,2.1,97.9,65411.0,7.1,65402.0,8.3,65295.0,9.1,20910.0,14.0,A,1.0,1.0,1.0,1.0,Metro,1.0,1.0,1.0,1.0
369,2021-02-04,73167,222.0,17043,5.0,DuPage County,IL,2.6,23879.0,23878.0,3.0,23865.0,3.3,3422.0,2.3,97.8,69124.0,7.5,69110.0,8.8,68998.0,9.6,23073.0,15.5,A,1.0,1.0,1.0,1.0,Metro,1.0,1.0,1.0,1.0
370,2021-02-05,73399,232.0,17043,5.0,DuPage County,IL,2.7,24825.0,24824.0,3.1,24811.0,3.5,3696.0,2.5,97.8,73545.0,8.0,73530.0,9.3,73416.0,10.3,25819.0,17.3,A,1.0,1.0,1.0,1.0,Metro,1.0,1.0,1.0,1.0
371,2021-02-06,73602,203.0,17043,5.0,DuPage County,IL,2.8,25615.0,25614.0,3.2,25601.0,3.6,3840.0,2.6,97.7,77808.0,8.4,77791.0,9.9,77672.0,10.9,28409.0,19.1,A,1.0,1.0,1.0,1.0,Metro,1.0,1.0,1.0,1.0
372,2021-02-07,73692,90.0,17043,6.0,DuPage County,IL,2.9,26735.0,26734.0,3.4,26719.0,3.7,4213.0,2.8,97.7,81578.0,8.8,81561.0,10.3,81435.0,11.4,30315.0,20.3,A,1.0,1.0,1.0,1.0,Metro,1.0,1.0,1.0,1.0
373,2021-02-08,73832,140.0,17043,6.0,DuPage County,IL,3.0,27257.0,27256.0,3.5,27241.0,3.8,4406.0,3.0,97.7,83236.0,9.0,83219.0,10.5,83086.0,11.6,31240.0,21.0,A,1.0,1.0,1.0,1.0,Metro,1.0,1.0,1.0,1.0
374,2021-02-09,73981,149.0,17043,6.0,DuPage County,IL,3.1,28498.0,28497.0,3.6,28467.0,4.0,4936.0,3.3,97.7,87076.0,9.4,87058.0,11.0,86915.0,12.2,33199.0,22.3,A,1.0,1.0,1.0,1.0,Metro,1.0,1.0,1.0,1.0
375,2021-02-10,74151,170.0,17043,6.0,DuPage County,IL,3.2,29428.0,29427.0,3.7,29395.0,4.1,5185.0,3.5,97.7,89986.0,9.8,89968.0,11.4,89819.0,12.6,34791.0,23.3,A,1.0,1.0,1.0,1.0,Metro,1.0,1.0,1.0,1.0
376,2021-02-11,74406,255.0,17043,6.0,DuPage County,IL,3.3,30890.0,30889.0,3.9,30851.0,4.3,5600.0,3.8,97.7,93970.0,10.2,93952.0,11.9,93800.0,13.1,37179.0,25.0,A,1.0,1.0,1.0,1.0,Metro,1.0,1.0,1.0,1.0
377,2021-02-12,74578,172.0,17043,6.0,DuPage County,IL,3.3,30914.0,30913.0,3.9,30875.0,4.3,5606.0,3.8,97.6,93995.0,10.2,93977.0,11.9,93825.0,13.1,37200.0,25.0,A,1.0,1.0,1.0,1.0,Metro,1.0,1.0,1.0,1.0
378,2021-02-13,74742,164.0,17043,6.0,DuPage County,IL,3.7,34490.0,34489.0,4.4,34438.0,4.8,6573.0,4.4,97.7,103484.0,11.2,103466.0,13.1,103305.0,14.4,42794.0,28.7,A,1.0,1.0,1.0,1.0,Metro,1.0,1.0,1.0,1.0
379,2021-02-14,74877,135.0,17043,7.0,DuPage County,IL,3.9,35789.0,35788.0,4.5,35735.0,5.0,7174.0,4.8,97.7,107355.0,11.6,107337.0,13.6,107169.0,15.0,44900.0,30.1,A,1.0,1.0,1.0,1.0,Metro,1.0,1.0,1.0,1.0
380,2021-02-15,74991,114.0,17043,7.0,DuPage County,IL,3.9,36449.0,36448.0,4.6,36394.0,5.1,7403.0,5.0,97.7,110593.0,12.0,110575.0,14.0,110398.0,15.4,46464.0,31.2,A,1.0,1.0,1.0,1.0,Metro,1.0,1.0,1.0,1.0
381,2021-02-16,75140,149.0,17043,7.0,DuPage County,IL,4.0,37021.0,37020.0,4.7,36963.0,5.2,7646.0,5.1,97.7,112711.0,12.2,112693.0,14.3,112514.0,15.7,47454.0,31.8,A,1.0,1.0,1.0,1.0,Metro,1.0,1.0,1.0,1.0
382,2021-02-17,75281,141.0,17043,7.0,DuPage County,IL,4.1,38240.0,38239.0,4.8,38180.0,5.3,8159.0,5.5,97.7,115450.0,12.5,115432.0,14.6,115249.0,16.1,49146.0,33.0,A,1.0,1.0,1.0,1.0,Metro,1.0,1.0,1.0,1.0
383,2021-02-18,75419,138.0,17043,7.0,DuPage County,IL,4.3,39740.0,39739.0,5.0,39676.0,5.5,8683.0,5.8,97.7,118676.0,12.9,118658.0,15.0,118463.0,16.6,50763.0,34.1,A,1.0,1.0,1.0,1.0,Metro,1.0,1.0,1.0,1.0
384,2021-02-19,75587,168.0,17043,7.0,DuPage County,IL,4.5,41641.0,41640.0,5.3,41570.0,5.8,9395.0,6.3,97.7,122042.0,13.2,122024.0,15.5,121822.0,17.0,52489.0,35.2,A,1.0,1.0,1.0,1.0,Metro,1.0,1.0,1.0,1.0
385,2021-02-20,75701,114.0,17043,7.0,DuPage County,IL,4.7,43593.0,43592.0,5.5,43518.0,6.1,10206.0,6.8,97.7,124575.0,13.5,124557.0,15.8,124348.0,17.4,53713.0,36.0,A,1.0,1.0,1.0,1.0,Metro,1.0,1.0,1.0,1.0
386,2021-02-21,75826,125.0,17043,8.0,DuPage County,IL,4.8,44419.0,44418.0,5.6,44343.0,6.2,10714.0,7.2,97.7,125379.0,13.6,125361.0,15.9,125151.0,17.5,54215.0,36.4,A,1.0,1.0,1.0,1.0,Metro,1.0,1.0,1.0,1.0
387,2021-02-22,76009,183.0,17043,8.0,DuPage County,IL,5.0,46409.0,46408.0,5.9,46328.0,6.5,11616.0,7.8,97.7,127991.0,13.9,127973.0,16.2,127756.0,17.9,55760.0,37.4,A,1.0,1.0,1.0,1.0,Metro,1.0,1.0,1.0,1.0
388,2021-02-23,76156,147.0,17043,8.0,DuPage County,IL,5.1,47439.0,47438.0,6.0,47357.0,6.6,12256.0,8.2,97.7,128876.0,14.0,128858.0,16.3,128640.0,18.0,56205.0,37.7,A,1.0,1.0,1.0,1.0,Metro,1.0,1.0,1.0,1.0
389,2021-02-24,76287,131.0,17043,8.0,DuPage County,IL,5.4,49469.0,49468.0,6.3,49380.0,6.9,13526.0,9.1,97.8,131056.0,14.2,131038.0,16.6,130806.0,18.3,57588.0,38.7,A,1.0,1.0,1.0,1.0,Metro,1.0,1.0,1.0,1.0
390,2021-02-25,76398,111.0,17043,8.0,DuPage County,IL,5.8,53451.0,53450.0,6.8,53359.0,7.5,15283.0,10.3,97.8,139685.0,15.1,139667.0,17.7,139414.0,19.5,62848.0,42.2,A,1.0,1.0,1.0,1.0,Metro,1.0,1.0,1.0,1.0
391,2021-02-26,76542,144.0,17043,8.0,DuPage County,IL,6.1,56132.0,56131.0,7.1,56038.0,7.8,16744.0,11.2,97.9,142560.0,15.4,142542.0,18.1,142284.0,19.9,64969.0,43.6,A,1.0,1.0,1.0,1.0,Metro,1.0,1.0,1.0,1.0
392,2021-02-27,76659,117.0,17043,8.0,DuPage County,IL,6.4,58871.0,58870.0,7.5,58776.0,8.2,18092.0,12.1,97.9,144495.0,15.7,144477.0,18.3,144217.0,20.2,66036.0,44.3,A,1.0,1.0,1.0,1.0,Metro,1.0,1.0,1.0,1.0
393,2021-02-28,76765,106.0,17043,9.0,DuPage County,IL,6.7,61940.0,61939.0,7.8,61841.0,8.6,19838.0,13.3,98.0,147532.0,16.0,147514.0,18.7,147245.0,20.6,67644.0,45.4,A,1.0,1.0,1.0,1.0,Metro,1.0,1.0,1.0,1.0
394,2021-03-01,76871,106.0,17043,9.0,DuPage County,IL,6.9,64052.0,64051.0,8.1,63941.0,8.9,21081.0,14.1,98.0,151785.0,16.4,151767.0,19.2,151490.0,21.2,70135.0,47.1,A,1.0,1.0,1.0,1.0,Metro,1.0,1.0,1.0,1.0
395,2021-03-02,77025,154.0,17043,9.0,DuPage County,IL,7.1,65581.0,65580.0,8.3,65466.0,9.2,21956.0,14.7,98.0,154744.0,16.8,154726.0,19.6,154442.0,21.6,71803.0,48.2,A,1.0,1.0,1.0,1.0,Metro,1.0,1.0,1.0,1.0
396,2021-03-03,77279,254.0,17043,9.0,DuPage County,IL,7.3,67796.0,67795.0,8.6,67680.0,9.5,23308.0,15.6,98.0,158007.0,17.1,157989.0,20.0,157700.0,22.0,73386.0,49.3,A,1.0,1.0,1.0,1.0,Metro,1.0,1.0,1.0,1.0
397,2021-03-04,77406,127.0,17043,9.0,DuPage County,IL,7.7,71010.0,71009.0,9.0,70890.0,9.9,25388.0,17.0,98.0,163265.0,17.7,163247.0,20.7,162933.0,22.8,75917.0,51.0,A,1.0,1.0,1.0,1.0,Metro,1.0,1.0,1.0,1.0
398,2021-03-05,77506,100.0,17043,9.0,DuPage County,IL,8.2,75634.0,75633.0,9.6,75496.0,10.6,28091.0,18.9,98.1,169194.0,18.3,169176.0,21.4,168833.0,23.6,78587.0,52.7,A,1.0,1.0,1.0,1.0,Metro,1.0,1.0,1.0,1.0
399,2021-03-06,77796,290.0,17043,9.0,DuPage County,IL,8.7,80327.0,80326.0,10.2,80186.0,11.2,30886.0,20.7,98.1,173856.0,18.8,173837.0,22.0,173478.0,24.3,80578.0,54.1,A,1.0,1.0,1.0,1.0,Metro,1.0,1.0,1.0,1.0
400,2021-03-07,77882,86.0,17043,10.0,DuPage County,IL,9.2,85057.0,85056.0,10.8,84908.0,11.9,33626.0,22.6,98.2,179909.0,19.5,179890.0,22.8,179505.0,25.1,82966.0,55.7,A,1.0,1.0,1.0,1.0,Metro,1.0,1.0,1.0,1.0
401,2021-03-08,77960,78.0,17043,10.0,DuPage County,IL,9.4,86821.0,86820.0,11.0,86667.0,12.1,34491.0,23.1,98.2,181820.0,19.7,181801.0,23.0,181414.0,25.4,83691.0,56.2,A,1.0,1.0,1.0,1.0,Metro,1.0,1.0,1.0,1.0
402,2021-03-09,78098,138.0,17043,10.0,DuPage County,IL,9.8,90326.0,90325.0,11.4,90166.0,12.6,36217.0,24.3,98.2,185112.0,20.1,185093.0,23.5,184694.0,25.8,84998.0,57.0,A,1.0,1.0,1.0,1.0,Metro,1.0,1.0,1.0,1.0
403,2021-03-10,78207,109.0,17043,10.0,DuPage County,IL,10.2,94285.0,94284.0,11.9,94113.0,13.2,38587.0,25.9,98.2,189927.0,20.6,189908.0,24.1,189487.0,26.5,87252.0,58.6,A,1.0,1.0,1.0,1.0,Metro,1.0,1.0,1.0,1.0
404,2021-03-11,78341,134.0,17043,10.0,DuPage County,IL,10.6,98177.0,98176.0,12.4,98001.0,13.7,40898.0,27.4,98.2,195092.0,21.1,195073.0,24.7,194636.0,27.2,89626.0,60.2,A,1.0,1.0,1.0,1.0,Metro,1.0,1.0,1.0,1.0
405,2021-03-12,78450,109.0,17043,10.0,DuPage County,IL,11.2,103806.0,103805.0,13.2,103624.0,14.5,43416.0,29.1,98.3,199491.0,21.6,199472.0,25.3,199021.0,27.8,91573.0,61.5,A,1.0,1.0,1.0,1.0,Metro,1.0,1.0,1.0,1.0
406,2021-03-13,78589,139.0,17043,10.0,DuPage County,IL,11.8,109026.0,109025.0,13.8,108831.0,15.2,46195.0,31.0,98.3,207103.0,22.4,207084.0,26.2,206604.0,28.9,94521.0,63.4,A,1.0,1.0,1.0,2.0,Metro,1.0,1.0,1.0,2.0
407,2021-03-14,78889,300.0,17043,11.0,DuPage County,IL,12.2,112790.0,112789.0,14.3,112591.0,15.7,48403.0,32.5,98.3,211197.0,22.9,211178.0,26.8,210675.0,29.5,95846.0,64.3,A,1.0,1.0,1.0,2.0,Metro,1.0,1.0,1.0,2.0
408,2021-03-15,79010,121.0,17043,11.0,DuPage County,IL,12.8,118022.0,118021.0,15.0,117814.0,16.5,50853.0,34.1,98.4,215749.0,23.4,215730.0,27.3,215202.0,30.1,97279.0,65.3,A,1.0,1.0,1.0,2.0,Metro,1.0,1.0,1.0,2.0
409,2021-03-16,79165,155.0,17043,11.0,DuPage County,IL,13.0,120258.0,120257.0,15.2,120047.0,16.8,51932.0,34.9,98.4,219001.0,23.7,218982.0,27.7,218434.0,30.5,98393.0,66.0,A,1.0,1.0,1.0,2.0,Metro,1.0,1.0,1.0,2.0
410,2021-03-17,79328,163.0,17043,11.0,DuPage County,IL,13.0,120303.0,120302.0,15.2,120092.0,16.8,51962.0,34.9,98.3,219087.0,23.7,219068.0,27.8,218520.0,30.5,98410.0,66.0,A,1.0,1.0,1.0,2.0,Metro,1.0,1.0,1.0,2.0
411,2021-03-18,79511,183.0,17043,11.0,DuPage County,IL,13.4,123502.0,123501.0,15.6,123282.0,17.2,53714.0,36.1,98.4,224975.0,24.4,224956.0,28.5,224378.0,31.4,100569.0,67.5,A,1.0,1.0,1.0,2.0,Metro,1.0,1.0,1.0,2.0
412,2021-03-19,79730,219.0,17043,11.0,DuPage County,IL,14.0,128885.0,128884.0,16.3,128654.0,18.0,56837.0,38.1,98.4,236501.0,25.6,236482.0,30.0,235843.0,33.0,104805.0,70.3,A,1.0,1.0,1.0,2.0,Metro,1.0,1.0,1.0,2.0
413,2021-03-20,79898,168.0,17043,11.0,DuPage County,IL,14.0,128998.0,128997.0,16.3,128767.0,18.0,56921.0,38.2,98.3,236687.0,25.6,236668.0,30.0,236028.0,33.0,104851.0,70.4,A,1.0,1.0,1.0,2.0,Metro,1.0,1.0,1.0,2.0
414,2021-03-21,79994,96.0,17043,12.0,DuPage County,IL,14.6,134374.0,134373.0,17.0,134128.0,18.8,59525.0,40.0,98.4,249960.0,27.1,249941.0,31.7,249217.0,34.8,108624.0,72.9,A,1.0,1.0,1.0,2.0,Metro,1.0,1.0,1.0,2.0
415,2021-03-22,80121,127.0,17043,12.0,DuPage County,IL,14.8,136996.0,136995.0,17.4,136740.0,19.1,60466.0,40.6,98.4,253769.0,27.5,253750.0,32.2,252997.0,35.4,109367.0,73.4,A,1.0,1.0,1.0,2.0,Metro,1.0,1.0,1.0,2.0
416,2021-03-23,80285,164.0,17043,12.0,DuPage County,IL,15.0,138830.0,138828.0,17.6,138564.0,19.4,61210.0,41.1,98.4,258616.0,28.0,258595.0,32.8,257797.0,36.0,110821.0,74.4,A,1.0,1.0,1.0,2.0,Metro,1.0,1.0,1.0,2.0
417,2021-03-24,80560,275.0,17043,12.0,DuPage County,IL,15.3,140886.0,140884.0,17.9,140615.0,19.7,62220.0,41.8,98.4,265872.0,28.8,265851.0,33.7,264983.0,37.0,112109.0,75.2,A,1.0,1.0,1.0,2.0,Metro,1.0,1.0,1.0,2.0
418,2021-03-25,80728,168.0,17043,12.0,DuPage County,IL,15.6,143575.0,143573.0,18.2,143292.0,20.0,63525.0,42.6,98.3,274367.0,29.7,274346.0,34.8,273401.0,38.2,113764.0,76.4,A,1.0,1.0,1.0,2.0,Metro,1.0,1.0,1.0,2.0
419,2021-03-26,80980,252.0,17043,12.0,DuPage County,IL,15.8,145999.0,145997.0,18.5,145701.0,20.4,64636.0,43.4,98.3,281714.0,30.5,281693.0,35.7,280683.0,39.2,115341.0,77.4,A,1.0,1.0,1.0,2.0,Metro,1.0,1.0,1.0,2.0
420,2021-03-27,81165,185.0,17043,12.0,DuPage County,IL,16.2,149753.0,149751.0,19.0,149440.0,20.9,66397.0,44.6,98.2,289531.0,31.4,289510.0,36.7,288431.0,40.3,117037.0,78.5,A,1.0,1.0,1.0,2.0,Metro,1.0,1.0,1.0,2.0
421,2021-03-28,81323,158.0,17043,13.0,DuPage County,IL,16.6,153473.0,153471.0,19.4,153143.0,21.4,68134.0,45.7,98.2,295340.0,32.0,295319.0,37.4,294170.0,41.1,118307.0,79.4,A,1.0,1.0,1.0,2.0,Metro,1.0,1.0,1.0,2.0
422,2021-03-29,81487,164.0,17043,13.0,DuPage County,IL,16.9,156256.0,156254.0,19.8,155915.0,21.8,69489.0,46.6,98.2,298827.0,32.4,298806.0,37.9,297586.0,41.6,118943.0,79.8,A,1.0,1.0,1.0,2.0,Metro,1.0,1.0,1.0,2.0
423,2021-03-30,81698,211.0,17043,13.0,DuPage County,IL,17.2,158517.0,158515.0,20.1,158167.0,22.1,70663.0,47.4,98.1,302696.0,32.8,302675.0,38.4,301390.0,42.1,119599.0,80.3,A,1.0,1.0,1.0,2.0,Metro,1.0,1.0,1.0,2.0
424,2021-03-31,81889,191.0,17043,13.0,DuPage County,IL,17.5,161892.0,161890.0,20.5,161530.0,22.6,72272.0,48.5,98.0,309554.0,33.5,309533.0,39.2,308160.0,43.1,120975.0,81.2,A,1.0,1.0,1.0,2.0,Metro,1.0,1.0,1.0,2.0
425,2021-04-01,82163,274.0,17043,13.0,DuPage County,IL,17.8,164470.0,164468.0,20.8,164096.0,22.9,73441.0,49.3,97.9,315840.0,34.2,315819.0,40.0,314383.0,43.9,122083.0,81.9,A,1.0,1.0,1.0,2.0,Metro,1.0,1.0,1.0,2.0
426,2021-04-02,82391,228.0,17043,13.0,DuPage County,IL,18.2,168428.0,168426.0,21.3,168042.0,23.5,75117.0,50.4,97.9,323825.0,35.1,323804.0,41.0,322246.0,45.0,123100.0,82.6,A,1.0,1.0,1.0,3.0,Metro,1.0,1.0,1.0,3.0
427,2021-04-03,82635,244.0,17043,13.0,DuPage County,IL,18.9,174278.0,174276.0,22.1,173869.0,24.3,77786.0,52.2,97.8,335779.0,36.4,335758.0,42.5,333991.0,46.7,124421.0,83.5,A,1.0,1.0,1.0,3.0,Metro,1.0,1.0,1.0,3.0
428,2021-04-04,82864,229.0,17043,14.0,DuPage County,IL,19.3,177681.0,177679.0,22.5,177263.0,24.8,78871.0,52.9,97.8,341572.0,37.0,341551.0,43.3,339652.0,47.5,125049.0,83.9,A,1.0,1.0,1.0,3.0,Metro,1.0,1.0,1.0,3.0
429,2021-04-05,83031,167.0,17043,14.0,DuPage County,IL,19.3,178434.0,178432.0,22.6,178005.0,24.9,79205.0,53.2,97.8,344293.0,37.3,344272.0,43.6,342303.0,47.9,125343.0,84.1,A,1.0,1.0,1.0,3.0,Metro,1.0,1.0,1.0,3.0
430,2021-04-06,83350,319.0,17043,14.0,DuPage County,IL,19.5,180372.0,180370.0,22.9,179936.0,25.2,79832.0,53.6,97.7,348706.0,37.8,348685.0,44.2,346622.0,48.5,125785.0,84.4,A,1.0,1.0,1.0,3.0,Metro,1.0,1.0,1.0,3.0
431,2021-04-07,83637,287.0,17043,14.0,DuPage County,IL,20.1,185952.0,185950.0,23.6,185486.0,25.9,82018.0,55.0,97.6,356205.0,38.6,356184.0,45.1,353926.0,49.5,126594.0,85.0,A,1.0,1.0,1.0,3.0,Metro,1.0,1.0,1.0,3.0
432,2021-04-08,83927,290.0,17043,14.0,DuPage County,IL,20.8,191816.0,191814.0,24.3,191313.0,26.7,84036.0,56.4,97.6,364667.0,39.5,364646.0,46.2,362162.0,50.6,127430.0,85.5,A,1.0,1.0,1.0,3.0,Metro,1.0,1.0,1.0,3.0
433,2021-04-09,84261,334.0,17043,14.0,DuPage County,IL,21.6,199686.0,199684.0,25.3,199134.0,27.8,86491.0,58.0,97.5,373647.0,40.5,373626.0,47.3,370913.0,51.9,128272.0,86.1,A,1.0,1.0,1.0,3.0,Metro,1.0,1.0,1.0,3.0
434,2021-04-10,84570,309.0,17043,14.0,DuPage County,IL,22.7,209945.0,209942.0,26.6,209330.0,29.3,89712.0,60.2,97.5,381488.0,41.3,381466.0,48.3,378525.0,52.9,129098.0,86.6,A,1.0,1.0,1.0,3.0,Metro,1.0,1.0,1.0,3.0
435,2021-04-11,84777,207.0,17043,15.0,DuPage County,IL,22.8,210065.0,210062.0,26.6,209450.0,29.3,89719.0,60.2,97.5,381889.0,41.4,381867.0,48.4,378892.0,53.0,129104.0,86.6,A,1.0,1.0,1.0,3.0,Metro,1.0,1.0,1.0,3.0
436,2021-04-12,85016,239.0,17043,15.0,DuPage County,IL,23.8,219757.0,219754.0,27.8,219049.0,30.6,91612.0,61.5,97.5,394492.0,42.7,394470.0,50.0,391008.0,54.7,130039.0,87.3,A,1.0,1.0,2.0,3.0,Metro,1.0,1.0,2.0,3.0
437,2021-04-13,85272,256.0,17043,15.0,DuPage County,IL,24.3,224404.0,224401.0,28.4,223652.0,31.3,92762.0,62.3,97.5,399701.0,43.3,399679.0,50.6,396016.0,55.4,130414.0,87.5,A,1.0,1.0,2.0,3.0,Metro,1.0,1.0,2.0,3.0
438,2021-04-14,85523,251.0,17043,15.0,DuPage County,IL,25.1,231512.0,231509.0,29.3,230702.0,32.3,94414.0,63.4,97.5,406964.0,44.1,406942.0,51.6,402803.0,56.3,130914.0,87.9,A,1.0,1.0,2.0,3.0,Metro,1.0,1.0,2.0,3.0
439,2021-04-15,85799,276.0,17043,15.0,DuPage County,IL,25.6,236496.0,236493.0,30.0,235638.0,32.9,95719.0,64.2,97.5,414800.0,44.9,414778.0,52.6,410237.0,57.3,131441.0,88.2,A,1.0,2.0,2.0,3.0,Metro,1.0,2.0,2.0,3.0
440,2021-04-16,85994,195.0,17043,15.0,DuPage County,IL,26.4,243352.0,243349.0,30.8,242429.0,33.9,97420.0,65.4,97.5,424051.0,45.9,424029.0,53.7,418886.0,58.6,131996.0,88.6,A,1.0,2.0,2.0,3.0,Metro,1.0,2.0,2.0,3.0
441,2021-04-17,86225,231.0,17043,15.0,DuPage County,IL,27.2,250975.0,250972.0,31.8,249991.0,34.9,99371.0,66.7,97.5,432365.0,46.8,432342.0,54.8,426691.0,59.6,132569.0,89.0,A,1.0,2.0,2.0,3.0,Metro,1.0,2.0,2.0,3.0
442,2021-04-18,86397,172.0,17043,16.0,DuPage County,IL,27.8,256478.0,256475.0,32.5,255419.0,35.7,100431.0,67.4,97.5,438085.0,47.5,438062.0,55.5,431951.0,60.4,132901.0,89.2,A,1.0,2.0,2.0,3.0,Metro,1.0,2.0,2.0,3.0
443,2021-04-19,86547,150.0,17043,16.0,DuPage County,IL,28.2,260177.0,260174.0,33.0,259058.0,36.2,101113.0,67.9,97.5,441861.0,47.9,441838.0,56.0,435284.0,60.8,133055.0,89.3,A,1.0,2.0,2.0,3.0,Metro,1.0,2.0,2.0,3.0
444,2021-04-20,86723,176.0,17043,16.0,DuPage County,IL,28.6,264058.0,264055.0,33.5,262887.0,36.7,101862.0,68.4,97.5,444706.0,48.2,444683.0,56.3,437937.0,61.2,133251.0,89.4,A,1.0,2.0,2.0,3.0,Metro,1.0,2.0,2.0,3.0
445,2021-04-21,86921,198.0,17043,16.0,DuPage County,IL,29.5,271838.0,271835.0,34.4,270563.0,37.8,103324.0,69.3,97.5,452561.0,49.0,452538.0,57.3,445236.0,62.2,133740.0,89.8,A,1.0,2.0,2.0,3.0,Metro,1.0,2.0,2.0,3.0
446,2021-04-22,87172,251.0,17043,16.0,DuPage County,IL,30.1,278032.0,278029.0,35.2,276691.0,38.7,104260.0,70.0,97.5,459637.0,49.8,459614.0,58.2,451768.0,63.2,134193.0,90.1,A,2.0,2.0,2.0,4.0,Metro,2.0,2.0,2.0,4.0
447,2021-04-23,87430,258.0,17043,16.0,DuPage County,IL,30.7,283536.0,283533.0,35.9,282107.0,39.4,105135.0,70.6,97.6,465757.0,50.5,465734.0,59.0,457393.0,63.9,134664.0,90.4,A,2.0,2.0,2.0,4.0,Metro,2.0,2.0,2.0,4.0
448,2021-04-24,87668,238.0,17043,16.0,DuPage County,IL,31.4,289998.0,289995.0,36.7,288452.0,40.3,105931.0,71.1,97.5,471493.0,51.1,471470.0,59.7,462692.0,64.7,135084.0,90.7,A,2.0,2.0,3.0,4.0,Metro,2.0,2.0,3.0,4.0
449,2021-04-25,87807,139.0,17043,17.0,DuPage County,IL,31.4,290056.0,290053.0,36.8,288509.0,40.3,105932.0,71.1,97.5,471551.0,51.1,471528.0,59.8,462742.0,64.7,135088.0,90.7,A,2.0,2.0,3.0,4.0,Metro,2.0,2.0,3.0,4.0
450,2021-04-26,87994,187.0,17043,17.0,DuPage County,IL,32.2,297629.0,297626.0,37.7,295912.0,41.4,106704.0,71.6,97.5,478521.0,51.8,478498.0,60.6,469017.0,65.6,135513.0,90.9,A,2.0,2.0,3.0,4.0,Metro,2.0,2.0,3.0,4.0
451,2021-04-27,88158,164.0,17043,17.0,DuPage County,IL,32.7,301399.0,301396.0,38.2,299587.0,41.9,107169.0,71.9,97.5,482391.0,52.3,482368.0,61.1,472569.0,66.1,135754.0,91.1,A,2.0,2.0,3.0,4.0,Metro,2.0,2.0,3.0,4.0
452,2021-04-28,88323,165.0,17043,17.0,DuPage County,IL,33.2,306318.0,306315.0,38.8,304382.0,42.6,107737.0,72.3,97.6,487543.0,52.8,487520.0,61.8,477233.0,66.7,136050.0,91.3,A,2.0,2.0,3.0,4.0,Metro,2.0,2.0,3.0,4.0
453,2021-04-29,88519,196.0,17043,17.0,DuPage County,IL,33.8,312080.0,312077.0,39.5,309968.0,43.3,108335.0,72.7,97.6,491409.0,53.2,491386.0,62.3,480620.0,67.2,136346.0,91.5,A,2.0,2.0,3.0,4.0,Metro,2.0,2.0,3.0,4.0
454,2021-04-30,88752,233.0,17043,17.0,DuPage County,IL,33.8,312108.0,312105.0,39.5,309994.0,43.3,108342.0,72.7,97.5,491427.0,53.2,491404.0,62.3,480638.0,67.2,136348.0,91.5,A,2.0,2.0,3.0,4.0,Metro,2.0,2.0,3.0,4.0
455,2021-05-01,88941,189.0,17043,17.0,DuPage County,IL,34.9,322070.0,322067.0,40.8,319629.0,44.7,109405.0,73.4,97.6,498795.0,54.0,498772.0,63.2,487251.0,68.1,136874.0,91.9,A,2.0,3.0,3.0,4.0,Metro,2.0,3.0,3.0,4.0
456,2021-05-02,89043,102.0,17043,18.0,DuPage County,IL,35.2,324661.0,324658.0,41.1,322083.0,45.0,109641.0,73.6,97.5,500572.0,54.2,500549.0,63.4,488874.0,68.3,136996.0,91.9,A,2.0,3.0,3.0,4.0,Metro,2.0,3.0,3.0,4.0
457,2021-05-03,89180,137.0,17043,18.0,DuPage County,IL,35.3,325444.0,325441.0,41.2,322825.0,45.1,109737.0,73.6,97.5,501591.0,54.3,501568.0,63.6,489774.0,68.5,137061.0,92.0,A,2.0,3.0,3.0,4.0,Metro,2.0,3.0,3.0,4.0
458,2021-05-04,89343,163.0,17043,18.0,DuPage County,IL,35.5,327896.0,327893.0,41.6,325169.0,45.5,109889.0,73.8,97.5,502929.0,54.5,502906.0,63.7,491021.0,68.6,137167.0,92.1,A,2.0,3.0,3.0,4.0,Metro,2.0,3.0,3.0,4.0
459,2021-05-05,89505,162.0,17043,18.0,DuPage County,IL,36.4,335931.0,335928.0,42.6,332819.0,46.5,110554.0,74.2,97.6,506738.0,54.9,506715.0,64.2,494522.0,69.1,137477.0,92.3,A,2.0,3.0,3.0,4.0,Metro,2.0,3.0,3.0,4.0
460,2021-05-06,89618,113.0,17043,18.0,DuPage County,IL,36.4,335951.0,335948.0,42.6,332839.0,46.5,110556.0,74.2,97.5,506754.0,54.9,506731.0,64.2,494538.0,69.1,137480.0,92.3,A,2.0,3.0,3.0,4.0,Metro,2.0,3.0,3.0,4.0
461,2021-05-07,89821,203.0,17043,18.0,DuPage County,IL,37.7,348003.0,348000.0,44.1,344233.0,48.1,111384.0,74.8,97.6,512036.0,55.5,512013.0,64.9,499380.0,69.8,137928.0,92.6,A,2.0,3.0,3.0,4.0,Metro,2.0,3.0,3.0,4.0
462,2021-05-08,89941,120.0,17043,18.0,DuPage County,IL,38.5,355109.0,355106.0,45.0,350844.0,49.0,111775.0,75.0,97.6,515165.0,55.8,515142.0,65.3,502222.0,70.2,138190.0,92.7,A,2.0,3.0,3.0,4.0,Metro,2.0,3.0,3.0,4.0
463,2021-05-09,90032,91.0,17043,19.0,DuPage County,IL,39.1,361034.0,361031.0,45.7,356245.0,49.8,112129.0,75.3,97.6,518691.0,56.2,518668.0,65.7,505326.0,70.6,138448.0,92.9,A,2.0,3.0,3.0,4.0,Metro,2.0,3.0,3.0,4.0
464,2021-05-10,90140,108.0,17043,19.0,DuPage County,IL,39.8,366976.0,366973.0,46.5,361568.0,50.5,112415.0,75.4,97.6,522159.0,56.6,522136.0,66.2,508449.0,71.1,138670.0,93.1,A,2.0,3.0,4.0,4.0,Metro,2.0,3.0,4.0,4.0
465,2021-05-11,90266,126.0,17043,19.0,DuPage County,IL,40.2,371232.0,371229.0,47.0,365538.0,51.1,112644.0,75.6,97.6,524524.0,56.8,524501.0,66.5,510601.0,71.4,138862.0,93.2,A,3.0,3.0,4.0,4.0,Metro,3.0,3.0,4.0,4.0
466,2021-05-12,90387,121.0,17043,19.0,DuPage County,IL,40.8,376542.0,376539.0,47.7,370512.0,51.8,112975.0,75.8,97.6,526833.0,57.1,526810.0,66.8,512782.0,71.7,139088.0,93.3,A,3.0,3.0,4.0,4.0,Metro,3.0,3.0,4.0,4.0
467,2021-05-13,90503,116.0,17043,19.0,DuPage County,IL,41.4,382384.0,382381.0,48.5,375933.0,52.6,113439.0,76.1,97.6,528748.0,57.3,528725.0,67.0,514558.0,71.9,139251.0,93.5,A,3.0,3.0,4.0,4.0,Metro,3.0,3.0,4.0,4.0
468,2021-05-14,90628,125.0,17043,19.0,DuPage County,IL,41.9,386874.0,386871.0,49.0,380047.0,53.1,113766.0,76.4,97.6,531252.0,57.6,531170.0,67.3,516224.0,72.2,139397.0,93.6,A,3.0,3.0,4.0,4.0,Metro,3.0,3.0,4.0,4.0
469,2021-05-15,90731,103.0,17043,19.0,DuPage County,IL,41.9,386927.0,386924.0,49.0,380098.0,53.1,113767.0,76.4,97.6,531273.0,57.6,531191.0,67.3,516242.0,72.2,139398.0,93.6,A,3.0,3.0,4.0,4.0,Metro,3.0,3.0,4.0,4.0
470,2021-05-16,90799,68.0,17043,20.0,DuPage County,IL,43.0,396938.0,396935.0,50.3,389454.0,54.4,114437.0,76.8,97.6,539240.0,58.4,538982.0,68.3,521435.0,72.9,139821.0,93.8,A,3.0,4.0,4.0,4.0,Metro,3.0,4.0,4.0,4.0
471,2021-05-17,90835,36.0,17043,20.0,DuPage County,IL,43.2,398805.0,398802.0,50.5,391118.0,54.7,114529.0,76.9,97.6,540729.0,58.6,540422.0,68.5,522276.0,73.0,139864.0,93.9,A,3.0,4.0,4.0,4.0,Metro,3.0,4.0,4.0,4.0
472,2021-05-18,90946,111.0,17043,20.0,DuPage County,IL,43.4,400883.0,400880.0,50.8,393022.0,54.9,114653.0,76.9,97.6,541997.0,58.7,541654.0,68.6,523012.0,73.1,139920.0,93.9,A,3.0,4.0,4.0,4.0,Metro,3.0,4.0,4.0,4.0
473,2021-05-19,91075,129.0,17043,20.0,DuPage County,IL,44.0,406267.0,406264.0,51.5,397941.0,55.6,114963.0,77.2,97.6,546187.0,59.2,545752.0,69.2,525773.0,73.5,140126.0,94.0,A,3.0,4.0,4.0,4.0,Metro,3.0,4.0,4.0,4.0
474,2021-05-20,91170,95.0,17043,20.0,DuPage County,IL,44.0,406295.0,406292.0,51.5,397969.0,55.6,114964.0,77.2,97.6,546219.0,59.2,545784.0,69.2,525800.0,73.5,140129.0,94.0,A,3.0,4.0,4.0,4.0,Metro,3.0,4.0,4.0,4.0
475,2021-05-21,91288,118.0,17043,20.0,DuPage County,IL,44.5,410376.0,410373.0,52.0,401668.0,56.2,115267.0,77.4,97.6,549637.0,59.6,549122.0,69.6,527962.0,73.8,140298.0,94.2,A,3.0,4.0,4.0,4.0,Metro,3.0,4.0,4.0,4.0
476,2021-05-22,91352,64.0,17043,20.0,DuPage County,IL,45.1,416130.0,416127.0,52.7,406824.0,56.9,115637.0,77.6,97.6,555649.0,60.2,555005.0,70.3,531902.0,74.4,140597.0,94.4,A,3.0,4.0,4.0,4.0,Metro,3.0,4.0,4.0,4.0
477,2021-05-23,91423,71.0,17043,21.0,DuPage County,IL,45.8,422753.0,422749.0,53.6,412694.0,57.7,116132.0,77.9,97.6,562350.0,60.9,561551.0,71.2,536405.0,75.0,141114.0,94.7,A,3.0,4.0,4.0,4.0,Metro,3.0,4.0,4.0,4.0
478,2021-05-24,91498,75.0,17043,21.0,DuPage County,IL,46.0,424450.0,424446.0,53.8,414209.0,57.9,116226.0,78.0,97.6,564621.0,61.2,563738.0,71.4,537652.0,75.2,141180.0,94.8,A,3.0,4.0,4.0,4.0,Metro,3.0,4.0,4.0,4.0
479,2021-05-25,91548,50.0,17043,21.0,DuPage County,IL,46.3,426882.0,426878.0,54.1,416320.0,58.2,116380.0,78.1,97.6,567327.0,61.5,566379.0,71.8,539332.0,75.4,141288.0,94.8,A,3.0,4.0,4.0,4.0,Metro,3.0,4.0,4.0,4.0
480,2021-05-26,91623,75.0,17043,21.0,DuPage County,IL,46.5,429564.0,429560.0,54.4,418708.0,58.5,116613.0,78.3,97.6,570468.0,61.8,569445.0,72.2,541360.0,75.7,141495.0,95.0,A,3.0,4.0,4.0,4.0,Metro,3.0,4.0,4.0,4.0
481,2021-05-27,91658,35.0,17043,21.0,DuPage County,IL,46.6,429630.0,429626.0,54.4,418774.0,58.5,116615.0,78.3,97.6,570501.0,61.8,569478.0,72.2,541390.0,75.7,141496.0,95.0,A,3.0,4.0,4.0,4.0,Metro,3.0,4.0,4.0,4.0
482,2021-05-28,91717,59.0,17043,21.0,DuPage County,IL,46.6,429649.0,429645.0,54.4,418790.0,58.5,116616.0,78.3,97.6,570522.0,61.8,569499.0,72.2,541410.0,75.7,141497.0,95.0,A,3.0,4.0,4.0,4.0,Metro,3.0,4.0,4.0,4.0
483,2021-05-29,91771,54.0,17043,21.0,DuPage County,IL,47.4,437264.0,437258.0,55.4,425789.0,59.5,117296.0,78.7,97.6,579080.0,62.7,577831.0,73.2,546787.0,76.4,141962.0,95.3,A,3.0,4.0,4.0,4.0,Metro,3.0,4.0,4.0,4.0
484,2021-05-30,91814,43.0,17043,22.0,DuPage County,IL,47.4,437275.0,437269.0,55.4,425799.0,59.5,117296.0,78.7,97.6,579101.0,62.7,577852.0,73.2,546805.0,76.4,141963.0,95.3,A,3.0,4.0,4.0,4.0,Metro,3.0,4.0,4.0,4.0
485,2021-05-31,91860,46.0,17043,22.0,DuPage County,IL,47.6,439086.0,439080.0,55.6,427456.0,59.8,117457.0,78.8,97.6,581900.0,63.0,580578.0,73.6,548481.0,76.7,142078.0,95.4,A,3.0,4.0,4.0,4.0,Metro,3.0,4.0,4.0,4.0
486,2021-06-01,91893,33.0,17043,22.0,DuPage County,IL,47.8,441191.0,441184.0,55.9,429349.0,60.0,117598.0,78.9,97.6,584268.0,63.3,582881.0,73.9,549905.0,76.9,142166.0,95.4,A,3.0,4.0,4.0,4.0,Metro,3.0,4.0,4.0,4.0
487,2021-06-02,91907,14.0,17043,22.0,DuPage County,IL,47.9,442080.0,442072.0,56.0,430165.0,60.1,117679.0,79.0,97.6,585117.0,63.4,583717.0,74.0,550491.0,77.0,142223.0,95.5,A,3.0,4.0,4.0,4.0,Metro,3.0,4.0,4.0,4.0
488,2021-06-03,91981,74.0,17043,22.0,DuPage County,IL,48.1,443692.0,443683.0,56.2,431639.0,60.3,117833.0,79.1,97.6,586568.0,63.6,585131.0,74.1,551510.0,77.1,142332.0,95.5,A,3.0,4.0,4.0,4.0,Metro,3.0,4.0,4.0,4.0
489,2021-06-04,92068,87.0,17043,22.0,DuPage County,IL,48.1,443711.0,443702.0,56.2,431657.0,60.3,117834.0,79.1,97.6,586584.0,63.6,585147.0,74.1,551524.0,77.1,142333.0,95.5,A,3.0,4.0,4.0,4.0,Metro,3.0,4.0,4.0,4.0
490,2021-06-05,92132,64.0,17043,22.0,DuPage County,IL,48.3,445861.0,445823.0,56.5,433382.0,60.6,118011.0,79.2,97.6,588699.0,63.8,587205.0,74.4,553000.0,77.3,142470.0,95.6,A,3.0,4.0,4.0,4.0,Metro,3.0,4.0,4.0,4.0
491,2021-06-06,92142,10.0,17043,23.0,DuPage County,IL,48.9,451424.0,451215.0,57.2,436381.0,61.0,118297.0,79.4,97.6,592557.0,64.2,590955.0,74.9,555436.0,77.6,142659.0,95.7,A,3.0,4.0,4.0,4.0,Metro,3.0,4.0,4.0,4.0
492,2021-06-07,92170,28.0,17043,23.0,DuPage County,IL,49.1,453086.0,452821.0,57.4,437152.0,61.1,118347.0,79.4,97.6,593941.0,64.4,592293.0,75.1,556212.0,77.8,142695.0,95.8,A,3.0,4.0,4.0,4.0,Metro,3.0,4.0,4.0,4.0
493,2021-06-08,92213,43.0,17043,23.0,DuPage County,IL,49.3,455306.0,454951.0,57.7,438159.0,61.3,118433.0,79.5,97.6,595211.0,64.5,593526.0,75.2,557018.0,77.9,142755.0,95.8,A,3.0,4.0,4.0,4.0,Metro,3.0,4.0,4.0,4.0
494,2021-06-09,92249,36.0,17043,23.0,DuPage County,IL,49.6,457803.0,457372.0,58.0,439622.0,61.5,118556.0,79.6,97.6,596842.0,64.7,595122.0,75.4,558191.0,78.0,142868.0,95.9,A,3.0,4.0,4.0,4.0,Metro,3.0,4.0,4.0,4.0
495,2021-06-10,92264,15.0,17043,23.0,DuPage County,IL,50.0,461101.0,460592.0,58.4,441817.0,61.8,118768.0,79.7,97.7,598925.0,64.9,597151.0,75.7,559686.0,78.2,143004.0,96.0,A,4.0,4.0,4.0,4.0,Metro,4.0,4.0,4.0,4.0
496,2021-06-11,92281,17.0,17043,23.0,DuPage County,IL,50.2,463101.0,462530.0,58.6,443124.0,61.9,118910.0,79.8,97.7,600181.0,65.0,598380.0,75.8,560649.0,78.4,143106.0,96.0,A,4.0,4.0,4.0,4.0,Metro,4.0,4.0,4.0,4.0
497,2021-06-12,92297,16.0,17043,23.0,DuPage County,IL,50.2,463117.0,462546.0,58.6,443139.0,61.9,118910.0,79.8,97.6,600191.0,65.0,598390.0,75.8,560658.0,78.4,143106.0,96.0,A,4.0,4.0,4.0,4.0,Metro,4.0,4.0,4.0,4.0
498,2021-06-13,92309,12.0,17043,24.0,DuPage County,IL,50.5,466287.0,465635.0,59.0,445213.0,62.2,119137.0,80.0,97.7,602431.0,65.3,600545.0,76.1,562070.0,78.6,143251.0,96.1,A,4.0,4.0,4.0,4.0,Metro,4.0,4.0,4.0,4.0
499,2021-06-14,92318,9.0,17043,24.0,DuPage County,IL,50.7,467571.0,466868.0,59.2,445907.0,62.3,119176.0,80.0,97.7,603098.0,65.3,601194.0,76.2,562531.0,78.6,143288.0,96.2,A,4.0,4.0,4.0,4.0,Metro,4.0,4.0,4.0,4.0
500,2021-06-15,92328,10.0,17043,24.0,DuPage County,IL,50.7,467577.0,466874.0,59.2,445912.0,62.3,119176.0,80.0,97.7,603106.0,65.3,601202.0,76.2,562537.0,78.6,143289.0,96.2,A,4.0,4.0,4.0,4.0,Metro,4.0,4.0,4.0,4.0
501,2021-06-16,92351,23.0,17043,24.0,DuPage County,IL,51.7,477080.0,476062.0,60.3,450710.0,63.0,119625.0,80.3,97.7,608264.0,65.9,606162.0,76.8,565664.0,79.1,143563.0,96.4,A,4.0,4.0,4.0,4.0,Metro,4.0,4.0,4.0,4.0
502,2021-06-17,92362,11.0,17043,24.0,DuPage County,IL,51.9,479014.0,477938.0,60.6,451899.0,63.2,119749.0,80.4,97.7,609560.0,66.0,607415.0,77.0,566530.0,79.2,143664.0,96.4,A,4.0,4.0,4.0,4.0,Metro,4.0,4.0,4.0,4.0
503,2021-06-18,92368,6.0,17043,24.0,DuPage County,IL,52.2,481483.0,480342.0,60.9,453412.0,63.4,119893.0,80.5,97.7,611219.0,66.2,609016.0,77.2,567674.0,79.4,143784.0,96.5,A,4.0,4.0,4.0,4.0,Metro,4.0,4.0,4.0,4.0
504,2021-06-19,92368,0.0,17043,24.0,DuPage County,IL,52.3,482975.0,481773.0,61.0,454148.0,63.5,119993.0,80.5,97.7,612092.0,66.3,609858.0,77.3,568307.0,79.4,143883.0,96.6,A,4.0,4.0,4.0,4.0,Metro,4.0,4.0,4.0,4.0
505,2021-06-20,92368,0.0,17043,25.0,DuPage County,IL,52.6,485173.0,483908.0,61.3,455625.0,63.7,120092.0,80.6,97.7,613689.0,66.5,611409.0,77.5,569476.0,79.6,143969.0,96.6,A,4.0,4.0,4.0,4.0,Metro,4.0,4.0,4.0,4.0
506,2021-06-21,92413,45.0,17043,25.0,DuPage County,IL,52.7,486537.0,485235.0,61.5,456415.0,63.8,120143.0,80.6,97.7,614531.0,66.6,612224.0,77.6,570064.0,79.7,144002.0,96.6,A,4.0,4.0,4.0,4.0,Metro,4.0,4.0,4.0,4.0
507,2021-06-22,92425,12.0,17043,25.0,DuPage County,IL,52.8,487483.0,486150.0,61.6,457042.0,63.9,120203.0,80.7,97.7,615279.0,66.7,612948.0,77.7,570617.0,79.8,144044.0,96.7,A,4.0,4.0,4.0,4.0,Metro,4.0,4.0,4.0,4.0
508,2021-06-23,92446,21.0,17043,25.0,DuPage County,IL,52.9,488535.0,487174.0,61.7,457791.0,64.0,120298.0,80.7,97.7,616305.0,66.8,613946.0,77.8,571369.0,79.9,144131.0,96.7,A,4.0,4.0,4.0,4.0,Metro,4.0,4.0,4.0,4.0
509,2021-06-24,92446,0.0,17043,25.0,DuPage County,IL,53.1,489800.0,488414.0,61.9,458701.0,64.1,120386.0,80.8,97.7,617384.0,66.9,614990.0,77.9,572095.0,80.0,144201.0,96.8,A,4.0,4.0,4.0,4.0,Metro,4.0,4.0,4.0,4.0
510,2021-06-25,92473,27.0,17043,25.0,DuPage County,IL,53.2,491341.0,489910.0,62.1,459755.0,64.3,120487.0,80.9,97.7,619050.0,67.1,616602.0,78.1,573170.0,80.1,144305.0,96.9,A,4.0,4.0,4.0,4.0,Metro,4.0,4.0,4.0,4.0
511,2021-06-26,92473,0.0,17043,25.0,DuPage County,IL,53.2,491369.0,489938.0,62.1,459783.0,64.3,120488.0,80.9,97.7,619073.0,67.1,616625.0,78.1,573193.0,80.1,144306.0,96.9,A,4.0,4.0,4.0,4.0,Metro,4.0,4.0,4.0,4.0
512,2021-06-27,92473,0.0,17043,26.0,DuPage County,IL,53.7,495571.0,494101.0,62.6,463522.0,64.8,120768.0,81.1,97.7,622890.0,67.5,620402.0,78.6,576592.0,80.6,144514.0,97.0,A,4.0,4.0,4.0,4.0,Metro,4.0,4.0,4.0,4.0
513,2021-06-28,92547,74.0,17043,26.0,DuPage County,IL,54.3,500760.0,499227.0,63.3,468044.0,65.4,121012.0,81.2,97.7,627439.0,68.0,624881.0,79.2,580293.0,81.1,144727.0,97.1,A,4.0,4.0,4.0,4.0,Metro,4.0,4.0,4.0,4.0
514,2021-06-29,92561,14.0,17043,26.0,DuPage County,IL,54.4,501625.0,500068.0,63.4,468615.0,65.5,121055.0,81.2,97.7,628398.0,68.1,625800.0,79.3,580939.0,81.2,144839.0,97.2,A,4.0,4.0,4.0,4.0,Metro,4.0,4.0,4.0,4.0
515,2021-06-30,92565,4.0,17043,26.0,DuPage County,IL,54.5,502714.0,501130.0,63.5,469407.0,65.6,121143.0,81.3,97.7,629484.0,68.2,626863.0,79.4,581791.0,81.3,144925.0,97.3,A,4.0,4.0,4.0,4.0,Metro,4.0,4.0,4.0,4.0
516,2021-07-01,92579,14.0,17043,26.0,DuPage County,IL,54.6,503669.0,502061.0,63.6,470128.0,65.7,121234.0,81.4,97.7,630394.0,68.3,627758.0,79.5,582516.0,81.4,145017.0,97.3,A,4.0,4.0,4.0,4.0,Metro,4.0,4.0,4.0,4.0
517,2021-07-02,92595,16.0,17043,26.0,DuPage County,IL,54.7,504549.0,502921.0,63.7,470796.0,65.8,121340.0,81.4,97.7,631345.0,68.4,628690.0,79.7,583246.0,81.5,145117.0,97.4,A,4.0,4.0,4.0,4.0,Metro,4.0,4.0,4.0,4.0
518,2021-07-03,92595,0.0,17043,26.0,DuPage County,IL,54.7,504599.0,502971.0,63.7,470844.0,65.8,121340.0,81.4,97.7,631431.0,68.4,628776.0,79.7,583327.0,81.5,145120.0,97.4,A,4.0,4.0,4.0,4.0,Metro,4.0,4.0,4.0,4.0
519,2021-07-04,92595,0.0,17043,27.0,DuPage County,IL,54.9,506374.0,504742.0,64.0,472168.0,66.0,121494.0,81.5,97.7,633133.0,68.6,630475.0,79.9,584646.0,81.7,145265.0,97.5,A,4.0,4.0,4.0,4.0,Metro,4.0,4.0,4.0,4.0
520,2021-07-05,92595,0.0,17043,27.0,DuPage County,IL,54.9,506382.0,504750.0,64.0,472176.0,66.0,121494.0,81.5,97.7,633140.0,68.6,630482.0,79.9,584652.0,81.7,145265.0,97.5,A,4.0,4.0,4.0,4.0,Metro,4.0,4.0,4.0,4.0
521,2021-07-06,92651,56.0,17043,27.0,DuPage County,IL,54.9,506915.0,505283.0,64.0,472612.0,66.1,121541.0,81.6,97.7,633692.0,68.7,631034.0,80.0,585117.0,81.8,145329.0,97.5,A,4.0,4.0,4.0,4.0,Metro,4.0,4.0,4.0,4.0
522,2021-07-07,92668,17.0,17043,27.0,DuPage County,IL,55.0,507449.0,505817.0,64.1,472996.0,66.1,121590.0,81.6,97.7,634121.0,68.7,631463.0,80.0,585465.0,81.8,145376.0,97.6,A,4.0,4.0,4.0,4.0,Metro,4.0,4.0,4.0,4.0
523,2021-07-08,92688,20.0,17043,27.0,DuPage County,IL,55.1,508546.0,506913.0,64.2,473784.0,66.2,121699.0,81.7,97.7,634948.0,68.8,632289.0,80.1,586131.0,81.9,145458.0,97.6,A,4.0,4.0,4.0,4.0,Metro,4.0,4.0,4.0,4.0
524,2021-07-09,92713,25.0,17043,27.0,DuPage County,IL,55.1,508557.0,506924.0,64.2,473794.0,66.2,121699.0,81.7,97.7,634959.0,68.8,632300.0,80.1,586141.0,81.9,145459.0,97.6,A,4.0,4.0,4.0,4.0,Metro,4.0,4.0,4.0,4.0
525,2021-07-10,92713,0.0,17043,27.0,DuPage County,IL,55.2,509532.0,507896.0,64.4,474514.0,66.3,121787.0,81.7,97.7,635876.0,68.9,633217.0,80.2,586874.0,82.0,145552.0,97.7,A,4.0,4.0,4.0,4.0,Metro,4.0,4.0,4.0,4.0
526,2021-07-11,92713,0.0,17043,28.0,DuPage County,IL,55.3,510438.0,508802.0,64.5,475251.0,66.4,121887.0,81.8,97.7,636701.0,69.0,634040.0,80.3,587524.0,82.1,145654.0,97.8,A,4.0,4.0,4.0,4.0,Metro,4.0,4.0,4.0,4.0
527,2021-07-12,92788,75.0,17043,28.0,DuPage County,IL,55.5,511823.0,510187.0,64.7,476346.0,66.6,121990.0,81.9,97.7,638129.0,69.1,635466.0,80.5,588617.0,82.3,145736.0,97.8,A,4.0,4.0,4.0,4.0,Metro,4.0,4.0,4.0,4.0
528,2021-07-13,92808,20.0,17043,28.0,DuPage County,IL,55.6,512742.0,511106.0,64.8,477022.0,66.7,122047.0,81.9,97.7,638993.0,69.2,636329.0,80.6,589267.0,82.4,145776.0,97.8,A,4.0,4.0,4.0,4.0,Metro,4.0,4.0,4.0,4.0
529,2021-07-14,92846,38.0,17043,28.0,DuPage County,IL,55.6,513555.0,511919.0,64.9,477663.0,66.8,122166.0,82.0,97.7,639948.0,69.3,637284.0,80.8,589994.0,82.5,145882.0,97.9,A,4.0,4.0,4.0,4.0,Metro,4.0,4.0,4.0,4.0
530,2021-07-15,92888,42.0,17043,28.0,DuPage County,IL,55.7,514171.0,512535.0,64.9,478127.0,66.8,122240.0,82.0,97.7,640705.0,69.4,638041.0,80.9,590489.0,82.5,145955.0,98.0,A,4.0,4.0,4.0,4.0,Metro,4.0,4.0,4.0,4.0
531,2021-07-16,92920,32.0,17043,28.0,DuPage County,IL,55.8,514898.0,513261.0,65.0,478671.0,66.9,122298.0,82.1,97.7,641570.0,69.5,638906.0,81.0,591167.0,82.6,146045.0,98.0,A,4.0,4.0,4.0,4.0,Metro,4.0,4.0,4.0,4.0
532,2021-07-17,92920,0.0,17043,28.0,DuPage County,IL,55.9,515585.0,513948.0,65.1,479172.0,67.0,122366.0,82.1,97.7,642338.0,69.6,639674.0,81.1,591744.0,82.7,146122.0,98.1,A,4.0,4.0,4.0,4.0,Metro,4.0,4.0,4.0,4.0
533,2021-07-18,92920,0.0,17043,29.0,DuPage County,IL,55.9,515587.0,513950.0,65.1,479174.0,67.0,122366.0,82.1,97.7,642345.0,69.6,639681.0,81.1,591750.0,82.7,146122.0,98.1,A,4.0,4.0,4.0,4.0,Metro,4.0,4.0,4.0,4.0
534,2021-07-19,93057,137.0,17043,29.0,DuPage County,IL,56.0,516798.0,515161.0,65.3,480104.0,67.1,122433.0,82.2,97.7,643683.0,69.7,641019.0,81.2,592780.0,82.9,146214.0,98.1,A,4.0,4.0,4.0,4.0,Metro,4.0,4.0,4.0,4.0
535,2021-07-20,93095,38.0,17043,29.0,DuPage County,IL,56.1,517357.0,515720.0,65.4,480545.0,67.2,122477.0,82.2,97.7,644343.0,69.8,641677.0,81.3,593261.0,82.9,146260.0,98.2,A,4.0,4.0,4.0,4.0,Metro,4.0,4.0,4.0,4.0
536,2021-07-21,93155,60.0,17043,29.0,DuPage County,IL,56.1,518217.0,516580.0,65.5,481223.0,67.3,122560.0,82.3,97.8,645396.0,69.9,642729.0,81.4,594041.0,83.0,146342.0,98.2,A,4.0,4.0,4.0,4.0,Metro,4.0,4.0,4.0,4.0
537,2021-07-22,93274,119.0,17043,29.0,DuPage County,IL,56.2,518940.0,517301.0,65.6,481790.0,67.4,122632.0,82.3,97.8,646424.0,70.0,643755.0,81.6,594829.0,83.2,146445.0,98.3,A,4.0,4.0,4.0,4.0,Metro,4.0,4.0,4.0,4.0
538,2021-07-23,93353,79.0,17043,29.0,DuPage County,IL,56.3,519454.0,517815.0,65.6,482218.0,67.4,122704.0,82.4,97.8,647199.0,70.1,644530.0,81.7,595444.0,83.2,146549.0,98.4,A,4.0,4.0,4.0,4.0,Metro,4.0,4.0,4.0,4.0
539,2021-07-24,93353,0.0,17043,29.0,DuPage County,IL,56.3,519468.0,517829.0,65.6,482231.0,67.4,122705.0,82.4,97.8,647215.0,70.1,644546.0,81.7,595459.0,83.2,146549.0,98.4,A,4.0,4.0,4.0,4.0,Metro,4.0,4.0,4.0,4.0
540,2021-07-25,93353,0.0,17043,30.0,DuPage County,IL,56.3,520062.0,518423.0,65.7,482719.0,67.5,122790.0,82.4,97.8,648115.0,70.2,645446.0,81.8,596142.0,83.3,146653.0,98.4,A,4.0,4.0,4.0,4.0,Metro,4.0,4.0,4.0,4.0
541,2021-07-26,93568,215.0,17043,30.0,DuPage County,IL,56.4,520764.0,519125.0,65.8,483291.0,67.6,122850.0,82.5,97.8,649220.0,70.3,646550.0,81.9,596992.0,83.5,146736.0,98.5,A,4.0,4.0,4.0,4.0,Metro,4.0,4.0,4.0,4.0
542,2021-07-27,93641,73.0,17043,30.0,DuPage County,IL,56.5,521052.0,519413.0,65.8,483533.0,67.6,122880.0,82.5,97.8,649856.0,70.4,647186.0,82.0,597495.0,83.5,146795.0,98.5,A,4.0,4.0,4.0,4.0,Metro,4.0,4.0,4.0,4.0
543,2021-07-28,93753,112.0,17043,30.0,DuPage County,IL,56.5,521852.0,520212.0,65.9,484169.0,67.7,122964.0,82.5,97.8,651061.0,70.5,648388.0,82.2,598419.0,83.7,146889.0,98.6,A,4.0,4.0,4.0,4.0,Metro,4.0,4.0,4.0,4.0
544,2021-07-29,93852,99.0,17043,30.0,DuPage County,IL,56.7,523187.0,521546.0,66.1,485205.0,67.8,123085.0,82.6,97.8,653357.0,70.8,650680.0,82.5,600113.0,83.9,147040.0,98.7,A,4.0,4.0,4.0,4.0,Metro,4.0,4.0,4.0,4.0
545,2021-07-30,94007,155.0,17043,30.0,DuPage County,IL,56.8,523848.0,522207.0,66.2,485737.0,67.9,123165.0,82.7,97.8,654330.0,70.9,651653.0,82.6,600874.0,84.0,147131.0,98.7,A,4.0,4.0,4.0,4.0,Metro,4.0,4.0,4.0,4.0
546,2021-07-31,94007,0.0,17043,30.0,DuPage County,IL,56.8,523855.0,522214.0,66.2,485743.0,67.9,123165.0,82.7,97.8,654345.0,70.9,651668.0,82.6,600888.0,84.0,147131.0,98.7,A,4.0,4.0,4.0,4.0,Metro,4.0,4.0,4.0,4.0
547,2021-08-01,94007,0.0,17043,31.0,DuPage County,IL,56.9,525269.0,523626.0,66.4,486857.0,68.1,123294.0,82.7,97.8,656954.0,71.2,654275.0,82.9,602995.0,84.3,147378.0,98.9,A,4.0,4.0,4.0,4.0,Metro,4.0,4.0,4.0,4.0
548,2021-08-02,94295,288.0,17043,31.0,DuPage County,IL,57.0,525753.0,524110.0,66.4,487218.0,68.1,123321.0,82.8,97.8,657681.0,71.3,655002.0,83.0,603574.0,84.4,147426.0,98.9,A,4.0,4.0,4.0,4.0,Metro,4.0,4.0,4.0,4.0
549,2021-08-03,94445,150.0,17043,31.0,DuPage County,IL,57.0,526415.0,524772.0,66.5,487747.0,68.2,123369.0,82.8,97.8,658670.0,71.4,655991.0,83.1,604386.0,84.5,147481.0,99.0,A,4.0,4.0,4.0,4.0,Metro,4.0,4.0,4.0,4.0
550,2021-08-04,94558,113.0,17043,31.0,DuPage County,IL,57.1,527160.0,525515.0,66.6,488307.0,68.3,123443.0,82.8,97.8,659804.0,71.5,657124.0,83.3,605276.0,84.6,147576.0,99.0,A,4.0,4.0,4.0,4.0,Metro,4.0,4.0,4.0,4.0
551,2021-08-05,94782,224.0,17043,31.0,DuPage County,IL,57.2,527810.0,526164.0,66.7,488756.0,68.3,123502.0,82.9,97.8,660848.0,71.6,658166.0,83.4,606100.0,84.7,147661.0,99.1,A,4.0,4.0,4.0,4.0,Metro,4.0,4.0,4.0,4.0
552,2021-08-06,94926,144.0,17043,31.0,DuPage County,IL,57.3,528485.0,526839.0,66.8,489282.0,68.4,123569.0,82.9,97.8,661989.0,71.7,659307.0,83.5,606998.0,84.9,147749.0,99.2,A,4.0,4.0,4.0,4.0,Metro,4.0,4.0,4.0,4.0
553,2021-08-07,94926,0.0,17043,31.0,DuPage County,IL,57.3,529214.0,527568.0,66.9,489838.0,68.5,123638.0,83.0,97.8,663093.0,71.8,660411.0,83.7,607877.0,85.0,147854.0,99.2,A,4.0,4.0,4.0,4.0,Metro,4.0,4.0,4.0,4.0
554,2021-08-08,94926,0.0,17043,32.0,DuPage County,IL,57.4,529915.0,528269.0,66.9,490385.0,68.6,123678.0,83.0,97.8,664508.0,72.0,661826.0,83.9,609044.0,85.1,148034.0,99.4,A,4.0,4.0,4.0,4.0,Metro,4.0,4.0,4.0,4.0
555,2021-08-09,95374,448.0,17043,32.0,DuPage County,IL,57.5,530415.0,528768.0,67.0,490764.0,68.6,123719.0,83.0,97.8,665321.0,72.1,662638.0,84.0,609629.0,85.2,148083.0,99.4,A,4.0,4.0,4.0,4.0,Metro,4.0,4.0,4.0,4.0
556,2021-08-10,95529,155.0,17043,32.0,DuPage County,IL,57.5,530910.0,529263.0,67.1,491139.0,68.7,123758.0,83.1,97.8,665933.0,72.2,663249.0,84.0,610115.0,85.3,148125.0,99.4,A,4.0,4.0,4.0,4.0,Metro,4.0,4.0,4.0,4.0
557,2021-08-11,95750,221.0,17043,32.0,DuPage County,IL,57.6,531483.0,529835.0,67.1,491610.0,68.7,123880.0,83.1,97.8,666598.0,72.2,663912.0,84.1,610659.0,85.4,148210.0,99.5,A,4.0,4.0,4.0,4.0,Metro,4.0,4.0,4.0,4.0
558,2021-08-12,95914,164.0,17043,32.0,DuPage County,IL,57.7,532363.0,530715.0,67.3,492300.0,68.8,123973.0,83.2,97.8,667977.0,72.4,665291.0,84.3,611830.0,85.5,148398.0,99.6,A,4.0,4.0,4.0,4.0,Metro,4.0,4.0,4.0,4.0
559,2021-08-13,96160,246.0,17043,32.0,DuPage County,IL,57.8,533242.0,531593.0,67.4,492979.0,68.9,124047.0,83.3,97.8,669211.0,72.5,666525.0,84.5,612873.0,85.7,148552.0,99.7,A,4.0,4.0,4.0,4.0,Metro,4.0,4.0,4.0,4.0
560,2021-08-14,96160,0.0,17043,32.0,DuPage County,IL,57.8,533247.0,531598.0,67.4,492984.0,68.9,124047.0,83.3,97.8,669226.0,72.5,666540.0,84.5,612885.0,85.7,148552.0,99.7,A,4.0,4.0,4.0,4.0,Metro,4.0,4.0,4.0,4.0
561,2021-08-15,96160,0.0,17043,33.0,DuPage County,IL,58.0,535401.0,533752.0,67.6,494645.0,69.1,124198.0,83.4,97.8,671926.0,72.8,669239.0,84.8,615132.0,86.0,148782.0,99.9,A,4.0,4.0,4.0,4.0,Metro,4.0,4.0,4.0,4.0
562,2021-08-16,96689,529.0,17043,33.0,DuPage County,IL,58.1,536136.0,534487.0,67.7,495205.0,69.2,124244.0,83.4,97.8,672873.0,72.9,670186.0,84.9,615920.0,86.1,148870.0,99.9,A,4.0,4.0,4.0,4.0,Metro,4.0,4.0,4.0,4.0
563,2021-08-17,96851,162.0,17043,33.0,DuPage County,IL,58.2,536695.0,535046.0,67.8,495608.0,69.3,124292.0,83.4,97.8,673479.0,73.0,670792.0,85.0,616392.0,86.2,148921.0,99.9,A,4.0,4.0,4.0,4.0,Metro,4.0,4.0,4.0,4.0
564,2021-08-18,96987,136.0,17043,33.0,DuPage County,IL,58.3,537604.0,535953.0,67.9,496294.0,69.4,124367.0,83.5,97.8,674433.0,73.1,671744.0,85.1,617115.0,86.3,149026.0,100.0,A,4.0,4.0,4.0,4.0,Metro,4.0,4.0,4.0,4.0
565,2021-08-19,97141,154.0,17043,33.0,DuPage County,IL,58.3,538379.0,536728.0,68.0,496870.0,69.5,124437.0,83.5,97.8,675299.0,73.2,672609.0,85.2,617829.0,86.4,149134.0,99.9,A,4.0,4.0,4.0,4.0,Metro,4.0,4.0,4.0,4.0
566,2021-08-20,97397,256.0,17043,33.0,DuPage County,IL,58.4,539099.0,537448.0,68.1,497447.0,69.5,124532.0,83.6,97.8,676060.0,73.3,673370.0,85.3,618461.0,86.5,149231.0,99.9,A,4.0,4.0,4.0,4.0,Metro,4.0,4.0,4.0,4.0
567,2021-08-21,97397,0.0,17043,33.0,DuPage County,IL,58.4,539107.0,537456.0,68.1,497453.0,69.5,124532.0,83.6,97.8,676080.0,73.3,673390.0,85.3,618479.0,86.5,149234.0,99.9,A,4.0,4.0,4.0,4.0,Metro,4.0,4.0,4.0,4.0
568,2021-08-22,97397,0.0,17043,34.0,DuPage County,IL,58.6,540756.0,539105.0,68.3,498746.0,69.7,124705.0,83.7,97.8,677689.0,73.4,674999.0,85.5,619828.0,86.6,149421.0,99.9,A,4.0,4.0,4.0,4.0,Metro,4.0,4.0,4.0,4.0
569,2021-08-23,97864,467.0,17043,34.0,DuPage County,IL,58.7,541420.0,539769.0,68.4,499239.0,69.8,124742.0,83.7,97.8,678339.0,73.5,675649.0,85.6,620333.0,86.7,149477.0,99.9,A,4.0,4.0,4.0,4.0,Metro,4.0,4.0,4.0,4.0
570,2021-08-24,98022,158.0,17043,34.0,DuPage County,IL,58.7,542007.0,540356.0,68.5,499706.0,69.9,124787.0,83.8,97.8,678872.0,73.6,676182.0,85.7,620785.0,86.8,149525.0,99.9,A,4.0,4.0,4.0,4.0,Metro,4.0,4.0,4.0,4.0
571,2021-08-25,98245,223.0,17043,34.0,DuPage County,IL,58.8,542896.0,541245.0,68.6,500432.0,70.0,124883.0,83.8,97.8,679731.0,73.6,677041.0,85.8,621542.0,86.9,149617.0,99.9,A,4.0,4.0,4.0,4.0,Metro,4.0,4.0,4.0,4.0
572,2021-08-26,98462,217.0,17043,34.0,DuPage County,IL,58.9,543642.0,541990.0,68.7,501029.0,70.0,124954.0,83.9,97.8,680474.0,73.7,677783.0,85.9,622200.0,87.0,149700.0,99.9,A,4.0,4.0,4.0,4.0,Metro,4.0,4.0,4.0,4.0
573,2021-08-27,98780,318.0,17043,34.0,DuPage County,IL,59.0,544371.0,542719.0,68.8,501621.0,70.1,125017.0,83.9,97.8,681543.0,73.8,678851.0,86.0,623174.0,87.1,149796.0,99.9,A,4.0,4.0,4.0,4.0,Metro,4.0,4.0,4.0,4.0
574,2021-08-28,98780,0.0,17043,34.0,DuPage County,IL,59.1,545129.0,543477.0,68.9,502230.0,70.2,125093.0,84.0,97.8,682621.0,74.0,679929.0,86.2,624130.0,87.2,149921.0,99.9,A,4.0,4.0,4.0,4.0,Metro,4.0,4.0,4.0,4.0
575,2021-08-29,98780,0.0,17043,35.0,DuPage County,IL,59.1,545142.0,543490.0,68.9,502240.0,70.2,125093.0,84.0,97.8,682635.0,74.0,679943.0,86.2,624144.0,87.3,149921.0,99.9,A,4.0,4.0,4.0,4.0,Metro,4.0,4.0,4.0,4.0
576,2021-08-30,99315,535.0,17043,35.0,DuPage County,IL,59.3,547065.0,545412.0,69.1,503739.0,70.4,125214.0,84.0,97.8,684920.0,74.2,682228.0,86.5,626049.0,87.5,150083.0,99.9,A,4.0,4.0,4.0,4.0,Metro,4.0,4.0,4.0,4.0
577,2021-08-31,99590,275.0,17043,35.0,DuPage County,IL,59.3,547670.0,546017.0,69.2,504221.0,70.5,125260.0,84.1,97.8,685545.0,74.3,682853.0,86.5,626572.0,87.6,150134.0,99.9,A,4.0,4.0,4.0,4.0,Metro,4.0,4.0,4.0,4.0
578,2021-09-01,99854,264.0,17043,35.0,DuPage County,IL,59.4,548489.0,546836.0,69.3,504899.0,70.6,125354.0,84.1,97.8,686407.0,74.4,683715.0,86.6,627345.0,87.7,150255.0,99.9,A,4.0,4.0,4.0,4.0,Metro,4.0,4.0,4.0,4.0
579,2021-09-02,100120,266.0,17043,35.0,DuPage County,IL,59.5,549221.0,547568.0,69.4,505511.0,70.7,125441.0,84.2,97.8,687174.0,74.5,684481.0,86.7,628046.0,87.8,150360.0,99.9,A,4.0,4.0,4.0,4.0,Metro,4.0,4.0,4.0,4.0
580,2021-09-03,100436,316.0,17043,35.0,DuPage County,IL,59.6,549941.0,548288.0,69.5,506126.0,70.8,125516.0,84.2,97.8,687996.0,74.5,685303.0,86.8,628789.0,87.9,150458.0,99.9,A,4.0,4.0,4.0,4.0,Metro,4.0,4.0,4.0,4.0
581,2021-09-04,100436,0.0,17043,35.0,DuPage County,IL,59.7,550620.0,548967.0,69.6,506685.0,70.8,125593.0,84.3,97.8,688818.0,74.6,686125.0,86.9,629528.0,88.0,150545.0,99.9,A,4.0,4.0,4.0,4.0,Metro,4.0,4.0,4.0,4.0
582,2021-09-05,100436,0.0,17043,36.0,DuPage County,IL,59.7,550625.0,548972.0,69.6,506689.0,70.8,125594.0,84.3,97.8,688826.0,74.6,686133.0,86.9,629536.0,88.0,150547.0,99.9,A,4.0,4.0,4.0,4.0,Metro,4.0,4.0,4.0,4.0
583,2021-09-06,100436,0.0,17043,36.0,DuPage County,IL,59.8,551890.0,550237.0,69.7,507623.0,71.0,125671.0,84.3,97.8,690280.0,74.8,687587.0,87.1,630751.0,88.2,150652.0,99.9,A,4.0,4.0,4.0,4.0,Metro,4.0,4.0,4.0,4.0
584,2021-09-07,101096,660.0,17043,36.0,DuPage County,IL,59.8,552200.0,550547.0,69.8,507846.0,71.0,125685.0,84.4,97.8,690637.0,74.8,687944.0,87.2,631051.0,88.2,150683.0,99.9,A,4.0,4.0,4.0,4.0,Metro,4.0,4.0,4.0,4.0
585,2021-09-08,101319,223.0,17043,36.0,DuPage County,IL,59.8,552212.0,550559.0,69.8,507858.0,71.0,125685.0,84.4,97.8,690658.0,74.8,687965.0,87.2,631071.0,88.2,150684.0,99.9,A,4.0,4.0,4.0,4.0,Metro,4.0,4.0,4.0,4.0
586,2021-09-09,101493,174.0,17043,36.0,DuPage County,IL,59.9,553187.0,551534.0,69.9,508636.0,71.1,125763.0,84.4,97.8,691562.0,74.9,688869.0,87.3,631875.0,88.3,150780.0,99.9,A,4.0,4.0,4.0,4.0,Metro,4.0,4.0,4.0,4.0
587,2021-09-10,101781,288.0,17043,36.0,DuPage County,IL,60.0,553918.0,552264.0,70.0,509226.0,71.2,125836.0,84.5,97.8,692284.0,75.0,689590.0,87.4,632522.0,88.4,150876.0,99.9,A,4.0,4.0,4.0,4.0,Metro,4.0,4.0,4.0,4.0
588,2021-09-11,101781,0.0,17043,36.0,DuPage County,IL,60.0,553928.0,552274.0,70.0,509235.0,71.2,125836.0,84.5,97.8,692296.0,75.0,689602.0,87.4,632534.0,88.4,150876.0,99.9,A,4.0,4.0,4.0,4.0,Metro,4.0,4.0,4.0,4.0
589,2021-09-12,101781,0.0,17043,37.0,DuPage County,IL,60.1,554508.0,552854.0,70.1,509723.0,71.3,125906.0,84.5,97.8,692933.0,75.1,690239.0,87.5,633112.0,88.5,150945.0,99.9,A,4.0,4.0,4.0,4.0,Metro,4.0,4.0,4.0,4.0
590,2021-09-13,102230,449.0,17043,37.0,DuPage County,IL,60.2,555743.0,554089.0,70.2,510673.0,71.4,125987.0,84.6,97.8,694088.0,75.2,691394.0,87.6,634083.0,88.6,151045.0,99.9,A,4.0,4.0,4.0,4.0,Metro,4.0,4.0,4.0,4.0
591,2021-09-14,102512,282.0,17043,37.0,DuPage County,IL,60.3,556138.0,554484.0,70.3,510992.0,71.4,126023.0,84.6,97.8,694490.0,75.2,691796.0,87.7,634438.0,88.7,151092.0,99.9,A,4.0,4.0,4.0,4.0,Metro,4.0,4.0,4.0,4.0
592,2021-09-15,102689,177.0,17043,37.0,DuPage County,IL,60.3,556962.0,555308.0,70.4,511695.0,71.5,126088.0,84.6,97.8,695280.0,75.3,692586.0,87.8,635142.0,88.8,151158.0,99.9,A,4.0,4.0,4.0,4.0,Metro,4.0,4.0,4.0,4.0
593,2021-09-16,102939,250.0,17043,37.0,DuPage County,IL,60.5,557920.0,556266.0,70.5,512597.0,71.7,126165.0,84.7,97.8,696302.0,75.4,693608.0,87.9,636123.0,88.9,151257.0,99.9,A,4.0,4.0,4.0,4.0,Metro,4.0,4.0,4.0,4.0
594,2021-09-17,103152,213.0,17043,37.0,DuPage County,IL,60.5,558508.0,556854.0,70.6,513115.0,71.7,126224.0,84.7,97.8,696938.0,75.5,694244.0,88.0,636672.0,89.0,151323.0,99.9,A,4.0,4.0,4.0,4.0,Metro,4.0,4.0,4.0,4.0
595,2021-09-18,103152,0.0,17043,37.0,DuPage County,IL,60.6,559053.0,557399.0,70.6,513602.0,71.8,126285.0,84.8,97.8,697474.0,75.6,694780.0,88.0,637156.0,89.1,151391.0,99.9,A,4.0,4.0,4.0,4.0,Metro,4.0,4.0,4.0,4.0
596,2021-09-19,103152,0.0,17043,38.0,DuPage County,IL,60.6,559739.0,558085.0,70.7,514182.0,71.9,126330.0,84.8,97.8,698048.0,75.6,695354.0,88.1,637664.0,89.1,151449.0,99.9,A,4.0,4.0,4.0,4.0,Metro,4.0,4.0,4.0,4.0
597,2021-09-20,103580,428.0,17043,38.0,DuPage County,IL,60.7,560357.0,558703.0,70.8,514660.0,71.9,126369.0,84.8,97.8,698560.0,75.7,695866.0,88.2,638091.0,89.2,151491.0,99.9,A,4.0,4.0,4.0,4.0,Metro,4.0,4.0,4.0,4.0
598,2021-09-21,103738,158.0,17043,38.0,DuPage County,IL,60.7,560364.0,558710.0,70.8,514667.0,71.9,126369.0,84.8,97.8,698567.0,75.7,695873.0,88.2,638098.0,89.2,151491.0,99.9,A,4.0,4.0,4.0,4.0,Metro,4.0,4.0,4.0,4.0
599,2021-09-22,103917,179.0,17043,38.0,DuPage County,IL,60.8,560694.0,559040.0,70.8,514958.0,72.0,126389.0,84.8,97.8,698854.0,75.7,696160.0,88.2,638353.0,89.2,151522.0,99.9,A,4.0,4.0,4.0,4.0,Metro,4.0,4.0,4.0,4.0
600,2021-09-23,104074,157.0,17043,38.0,DuPage County,IL,60.8,561406.0,559752.0,70.9,515583.0,72.1,126463.0,84.9,97.8,699480.0,75.8,696785.0,88.3,638924.0,89.3,151612.0,99.9,A,4.0,4.0,4.0,4.0,Metro,4.0,4.0,4.0,4.0
601,2021-09-24,104268,194.0,17043,38.0,DuPage County,IL,60.9,561793.0,560139.0,71.0,515939.0,72.1,126509.0,84.9,97.8,699850.0,75.8,697155.0,88.3,639269.0,89.4,151684.0,99.9,A,4.0,4.0,4.0,4.0,Metro,4.0,4.0,4.0,4.0
602,2021-09-25,104268,0.0,17043,38.0,DuPage County,IL,60.9,562497.0,560843.0,71.1,516556.0,72.2,126565.0,84.9,97.8,700436.0,75.9,697741.0,88.4,639810.0,89.4,151775.0,99.9,A,4.0,4.0,4.0,4.0,Metro,4.0,4.0,4.0,4.0
603,2021-09-26,104268,0.0,17043,39.0,DuPage County,IL,61.0,563118.0,561464.0,71.1,517108.0,72.3,126638.0,85.0,97.8,701081.0,76.0,698386.0,88.5,640400.0,89.5,151889.0,99.9,A,4.0,4.0,4.0,4.0,Metro,4.0,4.0,4.0,4.0
604,2021-09-27,104661,393.0,17043,39.0,DuPage County,IL,61.1,563638.0,561984.0,71.2,517568.0,72.4,126692.0,85.0,97.8,701654.0,76.0,698959.0,88.6,640903.0,89.6,152021.0,99.9,A,4.0,4.0,4.0,4.0,Metro,4.0,4.0,4.0,4.0
605,2021-09-28,104762,101.0,17043,39.0,DuPage County,IL,61.1,564226.0,562572.0,71.3,518069.0,72.4,126837.0,85.1,97.8,702252.0,76.1,699557.0,88.6,641446.0,89.7,152229.0,99.9,A,4.0,4.0,4.0,4.0,Metro,4.0,4.0,4.0,4.0
606,2021-09-29,104910,148.0,17043,39.0,DuPage County,IL,61.2,564885.0,563231.0,71.4,518654.0,72.5,127021.0,85.3,97.8,703007.0,76.2,700312.0,88.7,642127.0,89.8,152496.0,99.9,A,4.0,4.0,4.0,4.0,Metro,4.0,4.0,4.0,4.0
607,2021-09-30,105071,161.0,17043,39.0,DuPage County,IL,61.2,565169.0,563514.0,71.4,518914.0,72.5,127084.0,85.3,97.8,703386.0,76.2,700691.0,88.8,642481.0,89.8,152615.0,99.9,A,4.0,4.0,4.0,4.0,Metro,4.0,4.0,4.0,4.0
608,2021-10-01,105273,202.0,17043,39.0,DuPage County,IL,61.3,565574.0,563919.0,71.5,519289.0,72.6,127168.0,85.3,97.8,703925.0,76.3,701230.0,88.9,642994.0,89.9,152802.0,99.9,A,4.0,4.0,4.0,4.0,Metro,4.0,4.0,4.0,4.0
609,2021-10-02,105273,0.0,17043,39.0,DuPage County,IL,61.3,565833.0,564178.0,71.5,519523.0,72.6,127226.0,85.4,97.8,704216.0,76.3,701521.0,88.9,643253.0,89.9,152888.0,99.9,A,4.0,4.0,4.0,4.0,Metro,4.0,4.0,4.0,4.0
610,2021-10-03,105273,0.0,17043,40.0,DuPage County,IL,61.4,566513.0,564858.0,71.6,520149.0,72.7,127354.0,85.5,97.8,705116.0,76.4,702420.0,89.0,644106.0,90.0,153234.0,99.9,A,4.0,4.0,4.0,4.0,Metro,4.0,4.0,4.0,4.0
611,2021-10-04,105694,421.0,17043,40.0,DuPage County,IL,61.5,567427.0,565772.0,71.7,520957.0,72.8,127524.0,85.6,97.8,706401.0,76.5,703704.0,89.2,645302.0,90.2,153692.0,99.9,A,4.0,4.0,4.0,4.0,Metro,4.0,4.0,4.0,4.0
612,2021-10-05,105921,227.0,17043,40.0,DuPage County,IL,61.5,567828.0,566173.0,71.7,521304.0,72.9,127588.0,85.6,97.8,706907.0,76.6,704210.0,89.2,645746.0,90.3,153815.0,99.9,A,4.0,4.0,4.0,4.0,Metro,4.0,4.0,4.0,4.0
613,2021-10-06,106076,155.0,17043,40.0,DuPage County,IL,61.6,568894.0,567239.0,71.9,522309.0,73.0,127705.0,85.7,97.8,707717.0,76.7,705020.0,89.3,646513.0,90.4,154003.0,99.9,A,4.0,4.0,4.0,4.0,Metro,4.0,4.0,4.0,4.0
614,2021-10-07,106259,183.0,17043,40.0,DuPage County,IL,61.7,569443.0,567788.0,71.9,522807.0,73.1,127827.0,85.8,97.8,708229.0,76.7,705531.0,89.4,646989.0,90.4,154180.0,99.9,A,4.0,4.0,4.0,4.0,Metro,4.0,4.0,4.0,4.0
615,2021-10-08,106401,142.0,17043,40.0,DuPage County,IL,61.8,570804.0,569149.0,72.1,524079.0,73.3,128030.0,85.9,97.8,709991.0,76.9,707293.0,89.6,648667.0,90.7,154587.0,99.9,A,4.0,4.0,4.0,4.0,Metro,4.0,4.0,4.0,4.0
616,2021-10-09,106401,0.0,17043,40.0,DuPage County,IL,61.9,571316.0,569661.0,72.2,524552.0,73.3,128138.0,86.0,97.8,710641.0,77.0,707943.0,89.7,649274.0,90.8,154847.0,99.9,A,4.0,4.0,4.0,4.0,Metro,4.0,4.0,4.0,4.0
617,2021-10-10,106401,0.0,17043,41.0,DuPage County,IL,62.0,571801.0,570146.0,72.2,525000.0,73.4,128234.0,86.1,97.8,711276.0,77.1,708578.0,89.8,649860.0,90.8,155029.0,99.9,A,4.0,4.0,4.0,4.0,Metro,4.0,4.0,4.0,4.0
618,2021-10-11,106401,0.0,17043,41.0,DuPage County,IL,62.0,572183.0,570528.0,72.3,525343.0,73.4,128301.0,86.1,97.8,711813.0,77.1,709115.0,89.9,650359.0,90.9,155209.0,99.9,A,4.0,4.0,4.0,4.0,Metro,4.0,4.0,4.0,4.0
619,2021-10-12,106932,531.0,17043,41.0,DuPage County,IL,62.0,572514.0,570859.0,72.3,525622.0,73.5,128350.0,86.1,97.8,712164.0,77.2,709466.0,89.9,650671.0,91.0,155299.0,99.9,A,4.0,4.0,4.0,4.0,Metro,4.0,4.0,4.0,4.0
620,2021-10-13,107150,218.0,17043,41.0,DuPage County,IL,62.0,572519.0,570864.0,72.3,525627.0,73.5,128350.0,86.1,97.8,712182.0,77.2,709484.0,89.9,650689.0,91.0,155304.0,99.9,A,4.0,4.0,4.0,4.0,Metro,4.0,4.0,4.0,4.0
621,2021-10-14,107312,162.0,17043,41.0,DuPage County,IL,62.0,572526.0,570871.0,72.3,525634.0,73.5,128351.0,86.1,97.8,712209.0,77.2,709511.0,89.9,650716.0,91.0,155312.0,99.9,A,4.0,4.0,4.0,4.0,Metro,4.0,4.0,4.0,4.0
622,2021-10-15,107465,153.0,17043,41.0,DuPage County,IL,62.0,572535.0,570880.0,72.3,525643.0,73.5,128354.0,86.1,97.8,712241.0,77.2,709543.0,89.9,650747.0,91.0,155322.0,99.9,A,4.0,4.0,4.0,4.0,Metro,4.0,4.0,4.0,4.0
