,State,County,UID,iso2,iso3,code3,FIPS,Country,Lat,Long_,Combined_Key,Date,ConfirmedCases
34068,Illinois,DuPage,84017043,US,USA,840,17043.0,US,41.85116968,-88.08642662,"DuPage, Illinois, US",2020-02-01,0
37410,Illinois,DuPage,84017043,US,USA,840,17043.0,US,41.85116968,-88.08642662,"DuPage, Illinois, US",2020-02-02,0
40752,Illinois,DuPage,84017043,US,USA,840,17043.0,US,41.85116968,-88.08642662,"DuPage, Illinois, US",2020-02-03,0
44094,Illinois,DuPage,84017043,US,USA,840,17043.0,US,41.85116968,-88.08642662,"DuPage, Illinois, US",2020-02-04,0
47436,Illinois,DuPage,84017043,US,USA,840,17043.0,US,41.85116968,-88.08642662,"DuPage, Illinois, US",2020-02-05,0
50778,Illinois,DuPage,84017043,US,USA,840,17043.0,US,41.85116968,-88.08642662,"DuPage, Illinois, US",2020-02-06,0
54120,Illinois,DuPage,84017043,US,USA,840,17043.0,US,41.85116968,-88.08642662,"DuPage, Illinois, US",2020-02-07,0
57462,Illinois,DuPage,84017043,US,USA,840,17043.0,US,41.85116968,-88.08642662,"DuPage, Illinois, US",2020-02-08,0
60804,Illinois,DuPage,84017043,US,USA,840,17043.0,US,41.85116968,-88.08642662,"DuPage, Illinois, US",2020-02-09,0
64146,Illinois,DuPage,84017043,US,USA,840,17043.0,US,41.85116968,-88.08642662,"DuPage, Illinois, US",2020-02-10,0
67488,Illinois,DuPage,84017043,US,USA,840,17043.0,US,41.85116968,-88.08642662,"DuPage, Illinois, US",2020-02-11,0
70830,Illinois,DuPage,84017043,US,USA,840,17043.0,US,41.85116968,-88.08642662,"DuPage, Illinois, US",2020-02-12,0
74172,Illinois,DuPage,84017043,US,USA,840,17043.0,US,41.85116968,-88.08642662,"DuPage, Illinois, US",2020-02-13,0
77514,Illinois,DuPage,84017043,US,USA,840,17043.0,US,41.85116968,-88.08642662,"DuPage, Illinois, US",2020-02-14,0
80856,Illinois,DuPage,84017043,US,USA,840,17043.0,US,41.85116968,-88.08642662,"DuPage, Illinois, US",2020-02-15,0
84198,Illinois,DuPage,84017043,US,USA,840,17043.0,US,41.85116968,-88.08642662,"DuPage, Illinois, US",2020-02-16,0
87540,Illinois,DuPage,84017043,US,USA,840,17043.0,US,41.85116968,-88.08642662,"DuPage, Illinois, US",2020-02-17,0
90882,Illinois,DuPage,84017043,US,USA,840,17043.0,US,41.85116968,-88.08642662,"DuPage, Illinois, US",2020-02-18,0
94224,Illinois,DuPage,84017043,US,USA,840,17043.0,US,41.85116968,-88.08642662,"DuPage, Illinois, US",2020-02-19,0
97566,Illinois,DuPage,84017043,US,USA,840,17043.0,US,41.85116968,-88.08642662,"DuPage, Illinois, US",2020-02-20,0
100908,Illinois,DuPage,84017043,US,USA,840,17043.0,US,41.85116968,-88.08642662,"DuPage, Illinois, US",2020-02-21,0
104250,Illinois,DuPage,84017043,US,USA,840,17043.0,US,41.85116968,-88.08642662,"DuPage, Illinois, US",2020-02-22,0
107592,Illinois,DuPage,84017043,US,USA,840,17043.0,US,41.85116968,-88.08642662,"DuPage, Illinois, US",2020-02-23,0
110934,Illinois,DuPage,84017043,US,USA,840,17043.0,US,41.85116968,-88.08642662,"DuPage, Illinois, US",2020-02-24,0
114276,Illinois,DuPage,84017043,US,USA,840,17043.0,US,41.85116968,-88.08642662,"DuPage, Illinois, US",2020-02-25,0
117618,Illinois,DuPage,84017043,US,USA,840,17043.0,US,41.85116968,-88.08642662,"DuPage, Illinois, US",2020-02-26,0
120960,Illinois,DuPage,84017043,US,USA,840,17043.0,US,41.85116968,-88.08642662,"DuPage, Illinois, US",2020-02-27,0
124302,Illinois,DuPage,84017043,US,USA,840,17043.0,US,41.85116968,-88.08642662,"DuPage, Illinois, US",2020-02-28,0
127644,Illinois,DuPage,84017043,US,USA,840,17043.0,US,41.85116968,-88.08642662,"DuPage, Illinois, US",2020-02-29,0
130986,Illinois,DuPage,84017043,US,USA,840,17043.0,US,41.85116968,-88.08642662,"DuPage, Illinois, US",2020-03-01,0
134328,Illinois,DuPage,84017043,US,USA,840,17043.0,US,41.85116968,-88.08642662,"DuPage, Illinois, US",2020-03-02,0
137670,Illinois,DuPage,84017043,US,USA,840,17043.0,US,41.85116968,-88.08642662,"DuPage, Illinois, US",2020-03-03,0
141012,Illinois,DuPage,84017043,US,USA,840,17043.0,US,41.85116968,-88.08642662,"DuPage, Illinois, US",2020-03-04,0
144354,Illinois,DuPage,84017043,US,USA,840,17043.0,US,41.85116968,-88.08642662,"DuPage, Illinois, US",2020-03-05,0
147696,Illinois,DuPage,84017043,US,USA,840,17043.0,US,41.85116968,-88.08642662,"DuPage, Illinois, US",2020-03-06,0
151038,Illinois,DuPage,84017043,US,USA,840,17043.0,US,41.85116968,-88.08642662,"DuPage, Illinois, US",2020-03-07,0
154380,Illinois,DuPage,84017043,US,USA,840,17043.0,US,41.85116968,-88.08642662,"DuPage, Illinois, US",2020-03-08,0
157722,Illinois,DuPage,84017043,US,USA,840,17043.0,US,41.85116968,-88.08642662,"DuPage, Illinois, US",2020-03-09,0
161064,Illinois,DuPage,84017043,US,USA,840,17043.0,US,41.85116968,-88.08642662,"DuPage, Illinois, US",2020-03-10,0
164406,Illinois,DuPage,84017043,US,USA,840,17043.0,US,41.85116968,-88.08642662,"DuPage, Illinois, US",2020-03-11,0
167748,Illinois,DuPage,84017043,US,USA,840,17043.0,US,41.85116968,-88.08642662,"DuPage, Illinois, US",2020-03-12,0
171090,Illinois,DuPage,84017043,US,USA,840,17043.0,US,41.85116968,-88.08642662,"DuPage, Illinois, US",2020-03-13,0
174432,Illinois,DuPage,84017043,US,USA,840,17043.0,US,41.85116968,-88.08642662,"DuPage, Illinois, US",2020-03-14,1
177774,Illinois,DuPage,84017043,US,USA,840,17043.0,US,41.85116968,-88.08642662,"DuPage, Illinois, US",2020-03-15,1
181116,Illinois,DuPage,84017043,US,USA,840,17043.0,US,41.85116968,-88.08642662,"DuPage, Illinois, US",2020-03-16,1
184458,Illinois,DuPage,84017043,US,USA,840,17043.0,US,41.85116968,-88.08642662,"DuPage, Illinois, US",2020-03-17,26
187800,Illinois,DuPage,84017043,US,USA,840,17043.0,US,41.85116968,-88.08642662,"DuPage, Illinois, US",2020-03-18,45
191142,Illinois,DuPage,84017043,US,USA,840,17043.0,US,41.85116968,-88.08642662,"DuPage, Illinois, US",2020-03-19,54
194484,Illinois,DuPage,84017043,US,USA,840,17043.0,US,41.85116968,-88.08642662,"DuPage, Illinois, US",2020-03-20,54
197826,Illinois,DuPage,84017043,US,USA,840,17043.0,US,41.85116968,-88.08642662,"DuPage, Illinois, US",2020-03-21,65
201168,Illinois,DuPage,84017043,US,USA,840,17043.0,US,41.85116968,-88.08642662,"DuPage, Illinois, US",2020-03-22,79
204510,Illinois,DuPage,84017043,US,USA,840,17043.0,US,41.85116968,-88.08642662,"DuPage, Illinois, US",2020-03-23,95
207852,Illinois,DuPage,84017043,US,USA,840,17043.0,US,41.85116968,-88.08642662,"DuPage, Illinois, US",2020-03-24,103
211194,Illinois,DuPage,84017043,US,USA,840,17043.0,US,41.85116968,-88.08642662,"DuPage, Illinois, US",2020-03-25,131
214536,Illinois,DuPage,84017043,US,USA,840,17043.0,US,41.85116968,-88.08642662,"DuPage, Illinois, US",2020-03-26,131
217878,Illinois,DuPage,84017043,US,USA,840,17043.0,US,41.85116968,-88.08642662,"DuPage, Illinois, US",2020-03-27,199
221220,Illinois,DuPage,84017043,US,USA,840,17043.0,US,41.85116968,-88.08642662,"DuPage, Illinois, US",2020-03-28,202
224562,Illinois,DuPage,84017043,US,USA,840,17043.0,US,41.85116968,-88.08642662,"DuPage, Illinois, US",2020-03-29,274
227904,Illinois,DuPage,84017043,US,USA,840,17043.0,US,41.85116968,-88.08642662,"DuPage, Illinois, US",2020-03-30,320
231246,Illinois,DuPage,84017043,US,USA,840,17043.0,US,41.85116968,-88.08642662,"DuPage, Illinois, US",2020-03-31,356
234588,Illinois,DuPage,84017043,US,USA,840,17043.0,US,41.85116968,-88.08642662,"DuPage, Illinois, US",2020-04-01,392
237930,Illinois,DuPage,84017043,US,USA,840,17043.0,US,41.85116968,-88.08642662,"DuPage, Illinois, US",2020-04-02,448
241272,Illinois,DuPage,84017043,US,USA,840,17043.0,US,41.85116968,-88.08642662,"DuPage, Illinois, US",2020-04-03,500
244614,Illinois,DuPage,84017043,US,USA,840,17043.0,US,41.85116968,-88.08642662,"DuPage, Illinois, US",2020-04-04,590
247956,Illinois,DuPage,84017043,US,USA,840,17043.0,US,41.85116968,-88.08642662,"DuPage, Illinois, US",2020-04-05,656
251298,Illinois,DuPage,84017043,US,USA,840,17043.0,US,41.85116968,-88.08642662,"DuPage, Illinois, US",2020-04-06,715
254640,Illinois,DuPage,84017043,US,USA,840,17043.0,US,41.85116968,-88.08642662,"DuPage, Illinois, US",2020-04-07,795
257982,Illinois,DuPage,84017043,US,USA,840,17043.0,US,41.85116968,-88.08642662,"DuPage, Illinois, US",2020-04-08,875
261324,Illinois,DuPage,84017043,US,USA,840,17043.0,US,41.85116968,-88.08642662,"DuPage, Illinois, US",2020-04-09,943
264666,Illinois,DuPage,84017043,US,USA,840,17043.0,US,41.85116968,-88.08642662,"DuPage, Illinois, US",2020-04-10,1008
268008,Illinois,DuPage,84017043,US,USA,840,17043.0,US,41.85116968,-88.08642662,"DuPage, Illinois, US",2020-04-11,1048
271350,Illinois,DuPage,84017043,US,USA,840,17043.0,US,41.85116968,-88.08642662,"DuPage, Illinois, US",2020-04-12,1162
274692,Illinois,DuPage,84017043,US,USA,840,17043.0,US,41.85116968,-88.08642662,"DuPage, Illinois, US",2020-04-13,1223
278034,Illinois,DuPage,84017043,US,USA,840,17043.0,US,41.85116968,-88.08642662,"DuPage, Illinois, US",2020-04-14,1312
281376,Illinois,DuPage,84017043,US,USA,840,17043.0,US,41.85116968,-88.08642662,"DuPage, Illinois, US",2020-04-15,1386
284718,Illinois,DuPage,84017043,US,USA,840,17043.0,US,41.85116968,-88.08642662,"DuPage, Illinois, US",2020-04-16,1463
288060,Illinois,DuPage,84017043,US,USA,840,17043.0,US,41.85116968,-88.08642662,"DuPage, Illinois, US",2020-04-17,1560
291402,Illinois,DuPage,84017043,US,USA,840,17043.0,US,41.85116968,-88.08642662,"DuPage, Illinois, US",2020-04-18,1642
294744,Illinois,DuPage,84017043,US,USA,840,17043.0,US,41.85116968,-88.08642662,"DuPage, Illinois, US",2020-04-19,1695
298086,Illinois,DuPage,84017043,US,USA,840,17043.0,US,41.85116968,-88.08642662,"DuPage, Illinois, US",2020-04-20,1761
301428,Illinois,DuPage,84017043,US,USA,840,17043.0,US,41.85116968,-88.08642662,"DuPage, Illinois, US",2020-04-21,1864
304770,Illinois,DuPage,84017043,US,USA,840,17043.0,US,41.85116968,-88.08642662,"DuPage, Illinois, US",2020-04-22,1947
308112,Illinois,DuPage,84017043,US,USA,840,17043.0,US,41.85116968,-88.08642662,"DuPage, Illinois, US",2020-04-23,2047
311454,Illinois,DuPage,84017043,US,USA,840,17043.0,US,41.85116968,-88.08642662,"DuPage, Illinois, US",2020-04-24,2219
314796,Illinois,DuPage,84017043,US,USA,840,17043.0,US,41.85116968,-88.08642662,"DuPage, Illinois, US",2020-04-25,2311
318138,Illinois,DuPage,84017043,US,USA,840,17043.0,US,41.85116968,-88.08642662,"DuPage, Illinois, US",2020-04-26,2443
321480,Illinois,DuPage,84017043,US,USA,840,17043.0,US,41.85116968,-88.08642662,"DuPage, Illinois, US",2020-04-27,2628
324822,Illinois,DuPage,84017043,US,USA,840,17043.0,US,41.85116968,-88.08642662,"DuPage, Illinois, US",2020-04-28,2736
328164,Illinois,DuPage,84017043,US,USA,840,17043.0,US,41.85116968,-88.08642662,"DuPage, Illinois, US",2020-04-29,2870
331506,Illinois,DuPage,84017043,US,USA,840,17043.0,US,41.85116968,-88.08642662,"DuPage, Illinois, US",2020-04-30,3081
334848,Illinois,DuPage,84017043,US,USA,840,17043.0,US,41.85116968,-88.08642662,"DuPage, Illinois, US",2020-05-01,3256
338190,Illinois,DuPage,84017043,US,USA,840,17043.0,US,41.85116968,-88.08642662,"DuPage, Illinois, US",2020-05-02,3432
341532,Illinois,DuPage,84017043,US,USA,840,17043.0,US,41.85116968,-88.08642662,"DuPage, Illinois, US",2020-05-03,3611
344874,Illinois,DuPage,84017043,US,USA,840,17043.0,US,41.85116968,-88.08642662,"DuPage, Illinois, US",2020-05-04,3803
348216,Illinois,DuPage,84017043,US,USA,840,17043.0,US,41.85116968,-88.08642662,"DuPage, Illinois, US",2020-05-05,3918
351558,Illinois,DuPage,84017043,US,USA,840,17043.0,US,41.85116968,-88.08642662,"DuPage, Illinois, US",2020-05-06,4056
354900,Illinois,DuPage,84017043,US,USA,840,17043.0,US,41.85116968,-88.08642662,"DuPage, Illinois, US",2020-05-07,4213
358242,Illinois,DuPage,84017043,US,USA,840,17043.0,US,41.85116968,-88.08642662,"DuPage, Illinois, US",2020-05-08,4374
361584,Illinois,DuPage,84017043,US,USA,840,17043.0,US,41.85116968,-88.08642662,"DuPage, Illinois, US",2020-05-09,4493
364926,Illinois,DuPage,84017043,US,USA,840,17043.0,US,41.85116968,-88.08642662,"DuPage, Illinois, US",2020-05-10,4603
368268,Illinois,DuPage,84017043,US,USA,840,17043.0,US,41.85116968,-88.08642662,"DuPage, Illinois, US",2020-05-11,4745
371610,Illinois,DuPage,84017043,US,USA,840,17043.0,US,41.85116968,-88.08642662,"DuPage, Illinois, US",2020-05-12,5121
374952,Illinois,DuPage,84017043,US,USA,840,17043.0,US,41.85116968,-88.08642662,"DuPage, Illinois, US",2020-05-13,5244
378294,Illinois,DuPage,84017043,US,USA,840,17043.0,US,41.85116968,-88.08642662,"DuPage, Illinois, US",2020-05-14,5453
381636,Illinois,DuPage,84017043,US,USA,840,17043.0,US,41.85116968,-88.08642662,"DuPage, Illinois, US",2020-05-15,5634
384978,Illinois,DuPage,84017043,US,USA,840,17043.0,US,41.85116968,-88.08642662,"DuPage, Illinois, US",2020-05-16,5780
388320,Illinois,DuPage,84017043,US,USA,840,17043.0,US,41.85116968,-88.08642662,"DuPage, Illinois, US",2020-05-17,5904
391662,Illinois,DuPage,84017043,US,USA,840,17043.0,US,41.85116968,-88.08642662,"DuPage, Illinois, US",2020-05-18,6076
395004,Illinois,DuPage,84017043,US,USA,840,17043.0,US,41.85116968,-88.08642662,"DuPage, Illinois, US",2020-05-19,6171
398346,Illinois,DuPage,84017043,US,USA,840,17043.0,US,41.85116968,-88.08642662,"DuPage, Illinois, US",2020-05-20,6308
401688,Illinois,DuPage,84017043,US,USA,840,17043.0,US,41.85116968,-88.08642662,"DuPage, Illinois, US",2020-05-21,6471
405030,Illinois,DuPage,84017043,US,USA,840,17043.0,US,41.85116968,-88.08642662,"DuPage, Illinois, US",2020-05-22,6744
408372,Illinois,DuPage,84017043,US,USA,840,17043.0,US,41.85116968,-88.08642662,"DuPage, Illinois, US",2020-05-23,6891
411714,Illinois,DuPage,84017043,US,USA,840,17043.0,US,41.85116968,-88.08642662,"DuPage, Illinois, US",2020-05-24,7060
415056,Illinois,DuPage,84017043,US,USA,840,17043.0,US,41.85116968,-88.08642662,"DuPage, Illinois, US",2020-05-25,7207
418398,Illinois,DuPage,84017043,US,USA,840,17043.0,US,41.85116968,-88.08642662,"DuPage, Illinois, US",2020-05-26,7290
421740,Illinois,DuPage,84017043,US,USA,840,17043.0,US,41.85116968,-88.08642662,"DuPage, Illinois, US",2020-05-27,7350
425082,Illinois,DuPage,84017043,US,USA,840,17043.0,US,41.85116968,-88.08642662,"DuPage, Illinois, US",2020-05-28,7460
428424,Illinois,DuPage,84017043,US,USA,840,17043.0,US,41.85116968,-88.08642662,"DuPage, Illinois, US",2020-05-29,7543
431766,Illinois,DuPage,84017043,US,USA,840,17043.0,US,41.85116968,-88.08642662,"DuPage, Illinois, US",2020-05-30,7620
435108,Illinois,DuPage,84017043,US,USA,840,17043.0,US,41.85116968,-88.08642662,"DuPage, Illinois, US",2020-05-31,7707
438450,Illinois,DuPage,84017043,US,USA,840,17043.0,US,41.85116968,-88.08642662,"DuPage, Illinois, US",2020-06-01,7765
441792,Illinois,DuPage,84017043,US,USA,840,17043.0,US,41.85116968,-88.08642662,"DuPage, Illinois, US",2020-06-02,7818
445134,Illinois,DuPage,84017043,US,USA,840,17043.0,US,41.85116968,-88.08642662,"DuPage, Illinois, US",2020-06-03,7891
448476,Illinois,DuPage,84017043,US,USA,840,17043.0,US,41.85116968,-88.08642662,"DuPage, Illinois, US",2020-06-04,7939
451818,Illinois,DuPage,84017043,US,USA,840,17043.0,US,41.85116968,-88.08642662,"DuPage, Illinois, US",2020-06-05,7997
455160,Illinois,DuPage,84017043,US,USA,840,17043.0,US,41.85116968,-88.08642662,"DuPage, Illinois, US",2020-06-06,8046
458502,Illinois,DuPage,84017043,US,USA,840,17043.0,US,41.85116968,-88.08642662,"DuPage, Illinois, US",2020-06-07,8111
461844,Illinois,DuPage,84017043,US,USA,840,17043.0,US,41.85116968,-88.08642662,"DuPage, Illinois, US",2020-06-08,8157
465186,Illinois,DuPage,84017043,US,USA,840,17043.0,US,41.85116968,-88.08642662,"DuPage, Illinois, US",2020-06-09,8215
468528,Illinois,DuPage,84017043,US,USA,840,17043.0,US,41.85116968,-88.08642662,"DuPage, Illinois, US",2020-06-10,8255
471870,Illinois,DuPage,84017043,US,USA,840,17043.0,US,41.85116968,-88.08642662,"DuPage, Illinois, US",2020-06-11,8311
475212,Illinois,DuPage,84017043,US,USA,840,17043.0,US,41.85116968,-88.08642662,"DuPage, Illinois, US",2020-06-12,8355
478554,Illinois,DuPage,84017043,US,USA,840,17043.0,US,41.85116968,-88.08642662,"DuPage, Illinois, US",2020-06-13,8389
481896,Illinois,DuPage,84017043,US,USA,840,17043.0,US,41.85116968,-88.08642662,"DuPage, Illinois, US",2020-06-14,8434
485238,Illinois,DuPage,84017043,US,USA,840,17043.0,US,41.85116968,-88.08642662,"DuPage, Illinois, US",2020-06-15,8465
488580,Illinois,DuPage,84017043,US,USA,840,17043.0,US,41.85116968,-88.08642662,"DuPage, Illinois, US",2020-06-16,8495
491922,Illinois,DuPage,84017043,US,USA,840,17043.0,US,41.85116968,-88.08642662,"DuPage, Illinois, US",2020-06-17,8546
495264,Illinois,DuPage,84017043,US,USA,840,17043.0,US,41.85116968,-88.08642662,"DuPage, Illinois, US",2020-06-18,8574
498606,Illinois,DuPage,84017043,US,USA,840,17043.0,US,41.85116968,-88.08642662,"DuPage, Illinois, US",2020-06-19,8609
501948,Illinois,DuPage,84017043,US,USA,840,17043.0,US,41.85116968,-88.08642662,"DuPage, Illinois, US",2020-06-20,8646
505290,Illinois,DuPage,84017043,US,USA,840,17043.0,US,41.85116968,-88.08642662,"DuPage, Illinois, US",2020-06-21,8682
508632,Illinois,DuPage,84017043,US,USA,840,17043.0,US,41.85116968,-88.08642662,"DuPage, Illinois, US",2020-06-22,8715
511974,Illinois,DuPage,84017043,US,USA,840,17043.0,US,41.85116968,-88.08642662,"DuPage, Illinois, US",2020-06-23,8736
515316,Illinois,DuPage,84017043,US,USA,840,17043.0,US,41.85116968,-88.08642662,"DuPage, Illinois, US",2020-06-24,8780
518658,Illinois,DuPage,84017043,US,USA,840,17043.0,US,41.85116968,-88.08642662,"DuPage, Illinois, US",2020-06-25,8825
522000,Illinois,DuPage,84017043,US,USA,840,17043.0,US,41.85116968,-88.08642662,"DuPage, Illinois, US",2020-06-26,8879
525342,Illinois,DuPage,84017043,US,USA,840,17043.0,US,41.85116968,-88.08642662,"DuPage, Illinois, US",2020-06-27,8919
528684,Illinois,DuPage,84017043,US,USA,840,17043.0,US,41.85116968,-88.08642662,"DuPage, Illinois, US",2020-06-28,8951
532026,Illinois,DuPage,84017043,US,USA,840,17043.0,US,41.85116968,-88.08642662,"DuPage, Illinois, US",2020-06-29,8993
535368,Illinois,DuPage,84017043,US,USA,840,17043.0,US,41.85116968,-88.08642662,"DuPage, Illinois, US",2020-06-30,9032
538710,Illinois,DuPage,84017043,US,USA,840,17043.0,US,41.85116968,-88.08642662,"DuPage, Illinois, US",2020-07-01,9083
542052,Illinois,DuPage,84017043,US,USA,840,17043.0,US,41.85116968,-88.08642662,"DuPage, Illinois, US",2020-07-02,9145
545394,Illinois,DuPage,84017043,US,USA,840,17043.0,US,41.85116968,-88.08642662,"DuPage, Illinois, US",2020-07-03,9192
548736,Illinois,DuPage,84017043,US,USA,840,17043.0,US,41.85116968,-88.08642662,"DuPage, Illinois, US",2020-07-04,9267
552078,Illinois,DuPage,84017043,US,USA,840,17043.0,US,41.85116968,-88.08642662,"DuPage, Illinois, US",2020-07-05,9311
555420,Illinois,DuPage,84017043,US,USA,840,17043.0,US,41.85116968,-88.08642662,"DuPage, Illinois, US",2020-07-06,9364
558762,Illinois,DuPage,84017043,US,USA,840,17043.0,US,41.85116968,-88.08642662,"DuPage, Illinois, US",2020-07-07,9392
562104,Illinois,DuPage,84017043,US,USA,840,17043.0,US,41.85116968,-88.08642662,"DuPage, Illinois, US",2020-07-08,9454
565446,Illinois,DuPage,84017043,US,USA,840,17043.0,US,41.85116968,-88.08642662,"DuPage, Illinois, US",2020-07-09,9502
568788,Illinois,DuPage,84017043,US,USA,840,17043.0,US,41.85116968,-88.08642662,"DuPage, Illinois, US",2020-07-10,9571
572130,Illinois,DuPage,84017043,US,USA,840,17043.0,US,41.85116968,-88.08642662,"DuPage, Illinois, US",2020-07-11,9641
575472,Illinois,DuPage,84017043,US,USA,840,17043.0,US,41.85116968,-88.08642662,"DuPage, Illinois, US",2020-07-12,9719
578814,Illinois,DuPage,84017043,US,USA,840,17043.0,US,41.85116968,-88.08642662,"DuPage, Illinois, US",2020-07-13,9794
582156,Illinois,DuPage,84017043,US,USA,840,17043.0,US,41.85116968,-88.08642662,"DuPage, Illinois, US",2020-07-14,9810
585498,Illinois,DuPage,84017043,US,USA,840,17043.0,US,41.85116968,-88.08642662,"DuPage, Illinois, US",2020-07-15,9867
588840,Illinois,DuPage,84017043,US,USA,840,17043.0,US,41.85116968,-88.08642662,"DuPage, Illinois, US",2020-07-16,9917
592182,Illinois,DuPage,84017043,US,USA,840,17043.0,US,41.85116968,-88.08642662,"DuPage, Illinois, US",2020-07-17,10013
595524,Illinois,DuPage,84017043,US,USA,840,17043.0,US,41.85116968,-88.08642662,"DuPage, Illinois, US",2020-07-18,10107
598866,Illinois,DuPage,84017043,US,USA,840,17043.0,US,41.85116968,-88.08642662,"DuPage, Illinois, US",2020-07-19,10196
602208,Illinois,DuPage,84017043,US,USA,840,17043.0,US,41.85116968,-88.08642662,"DuPage, Illinois, US",2020-07-20,10317
605550,Illinois,DuPage,84017043,US,USA,840,17043.0,US,41.85116968,-88.08642662,"DuPage, Illinois, US",2020-07-21,10414
608892,Illinois,DuPage,84017043,US,USA,840,17043.0,US,41.85116968,-88.08642662,"DuPage, Illinois, US",2020-07-22,10531
612234,Illinois,DuPage,84017043,US,USA,840,17043.0,US,41.85116968,-88.08642662,"DuPage, Illinois, US",2020-07-23,10627
615576,Illinois,DuPage,84017043,US,USA,840,17043.0,US,41.85116968,-88.08642662,"DuPage, Illinois, US",2020-07-24,10701
618918,Illinois,DuPage,84017043,US,USA,840,17043.0,US,41.85116968,-88.08642662,"DuPage, Illinois, US",2020-07-25,10771
622260,Illinois,DuPage,84017043,US,USA,840,17043.0,US,41.85116968,-88.08642662,"DuPage, Illinois, US",2020-07-26,10875
625602,Illinois,DuPage,84017043,US,USA,840,17043.0,US,41.85116968,-88.08642662,"DuPage, Illinois, US",2020-07-27,10953
628944,Illinois,DuPage,84017043,US,USA,840,17043.0,US,41.85116968,-88.08642662,"DuPage, Illinois, US",2020-07-28,11005
632286,Illinois,DuPage,84017043,US,USA,840,17043.0,US,41.85116968,-88.08642662,"DuPage, Illinois, US",2020-07-29,11084
635628,Illinois,DuPage,84017043,US,USA,840,17043.0,US,41.85116968,-88.08642662,"DuPage, Illinois, US",2020-07-30,11177
638970,Illinois,DuPage,84017043,US,USA,840,17043.0,US,41.85116968,-88.08642662,"DuPage, Illinois, US",2020-07-31,11267
642312,Illinois,DuPage,84017043,US,USA,840,17043.0,US,41.85116968,-88.08642662,"DuPage, Illinois, US",2020-08-01,11380
645654,Illinois,DuPage,84017043,US,USA,840,17043.0,US,41.85116968,-88.08642662,"DuPage, Illinois, US",2020-08-02,11470
648996,Illinois,DuPage,84017043,US,USA,840,17043.0,US,41.85116968,-88.08642662,"DuPage, Illinois, US",2020-08-03,11558
652338,Illinois,DuPage,84017043,US,USA,840,17043.0,US,41.85116968,-88.08642662,"DuPage, Illinois, US",2020-08-04,11689
655680,Illinois,DuPage,84017043,US,USA,840,17043.0,US,41.85116968,-88.08642662,"DuPage, Illinois, US",2020-08-05,11804
659022,Illinois,DuPage,84017043,US,USA,840,17043.0,US,41.85116968,-88.08642662,"DuPage, Illinois, US",2020-08-06,11926
662364,Illinois,DuPage,84017043,US,USA,840,17043.0,US,41.85116968,-88.08642662,"DuPage, Illinois, US",2020-08-07,12021
665706,Illinois,DuPage,84017043,US,USA,840,17043.0,US,41.85116968,-88.08642662,"DuPage, Illinois, US",2020-08-08,12155
669048,Illinois,DuPage,84017043,US,USA,840,17043.0,US,41.85116968,-88.08642662,"DuPage, Illinois, US",2020-08-09,12233
672390,Illinois,DuPage,84017043,US,USA,840,17043.0,US,41.85116968,-88.08642662,"DuPage, Illinois, US",2020-08-10,12312
675732,Illinois,DuPage,84017043,US,USA,840,17043.0,US,41.85116968,-88.08642662,"DuPage, Illinois, US",2020-08-11,12427
679074,Illinois,DuPage,84017043,US,USA,840,17043.0,US,41.85116968,-88.08642662,"DuPage, Illinois, US",2020-08-12,12511
682416,Illinois,DuPage,84017043,US,USA,840,17043.0,US,41.85116968,-88.08642662,"DuPage, Illinois, US",2020-08-13,12592
685758,Illinois,DuPage,84017043,US,USA,840,17043.0,US,41.85116968,-88.08642662,"DuPage, Illinois, US",2020-08-14,12693
689100,Illinois,DuPage,84017043,US,USA,840,17043.0,US,41.85116968,-88.08642662,"DuPage, Illinois, US",2020-08-15,12815
692442,Illinois,DuPage,84017043,US,USA,840,17043.0,US,41.85116968,-88.08642662,"DuPage, Illinois, US",2020-08-16,12892
695784,Illinois,DuPage,84017043,US,USA,840,17043.0,US,41.85116968,-88.08642662,"DuPage, Illinois, US",2020-08-17,13032
699126,Illinois,DuPage,84017043,US,USA,840,17043.0,US,41.85116968,-88.08642662,"DuPage, Illinois, US",2020-08-18,13151
702468,Illinois,DuPage,84017043,US,USA,840,17043.0,US,41.85116968,-88.08642662,"DuPage, Illinois, US",2020-08-19,13289
705810,Illinois,DuPage,84017043,US,USA,840,17043.0,US,41.85116968,-88.08642662,"DuPage, Illinois, US",2020-08-20,13410
709152,Illinois,DuPage,84017043,US,USA,840,17043.0,US,41.85116968,-88.08642662,"DuPage, Illinois, US",2020-08-21,13530
712494,Illinois,DuPage,84017043,US,USA,840,17043.0,US,41.85116968,-88.08642662,"DuPage, Illinois, US",2020-08-22,13686
715836,Illinois,DuPage,84017043,US,USA,840,17043.0,US,41.85116968,-88.08642662,"DuPage, Illinois, US",2020-08-23,13778
719178,Illinois,DuPage,84017043,US,USA,840,17043.0,US,41.85116968,-88.08642662,"DuPage, Illinois, US",2020-08-24,13909
722520,Illinois,DuPage,84017043,US,USA,840,17043.0,US,41.85116968,-88.08642662,"DuPage, Illinois, US",2020-08-25,14001
725862,Illinois,DuPage,84017043,US,USA,840,17043.0,US,41.85116968,-88.08642662,"DuPage, Illinois, US",2020-08-26,14103
729204,Illinois,DuPage,84017043,US,USA,840,17043.0,US,41.85116968,-88.08642662,"DuPage, Illinois, US",2020-08-27,14200
732546,Illinois,DuPage,84017043,US,USA,840,17043.0,US,41.85116968,-88.08642662,"DuPage, Illinois, US",2020-08-28,14299
735888,Illinois,DuPage,84017043,US,USA,840,17043.0,US,41.85116968,-88.08642662,"DuPage, Illinois, US",2020-08-29,14398
739230,Illinois,DuPage,84017043,US,USA,840,17043.0,US,41.85116968,-88.08642662,"DuPage, Illinois, US",2020-08-30,14493
742572,Illinois,DuPage,84017043,US,USA,840,17043.0,US,41.85116968,-88.08642662,"DuPage, Illinois, US",2020-08-31,14615
745914,Illinois,DuPage,84017043,US,USA,840,17043.0,US,41.85116968,-88.08642662,"DuPage, Illinois, US",2020-09-01,14679
749256,Illinois,DuPage,84017043,US,USA,840,17043.0,US,41.85116968,-88.08642662,"DuPage, Illinois, US",2020-09-02,14770
752598,Illinois,DuPage,84017043,US,USA,840,17043.0,US,41.85116968,-88.08642662,"DuPage, Illinois, US",2020-09-03,14840
755940,Illinois,DuPage,84017043,US,USA,840,17043.0,US,41.85116968,-88.08642662,"DuPage, Illinois, US",2020-09-04,15109
759282,Illinois,DuPage,84017043,US,USA,840,17043.0,US,41.85116968,-88.08642662,"DuPage, Illinois, US",2020-09-05,15247
762624,Illinois,DuPage,84017043,US,USA,840,17043.0,US,41.85116968,-88.08642662,"DuPage, Illinois, US",2020-09-06,15322
765966,Illinois,DuPage,84017043,US,USA,840,17043.0,US,41.85116968,-88.08642662,"DuPage, Illinois, US",2020-09-07,15385
769308,Illinois,DuPage,84017043,US,USA,840,17043.0,US,41.85116968,-88.08642662,"DuPage, Illinois, US",2020-09-08,15499
772650,Illinois,DuPage,84017043,US,USA,840,17043.0,US,41.85116968,-88.08642662,"DuPage, Illinois, US",2020-09-09,15592
775992,Illinois,DuPage,84017043,US,USA,840,17043.0,US,41.85116968,-88.08642662,"DuPage, Illinois, US",2020-09-10,15704
779334,Illinois,DuPage,84017043,US,USA,840,17043.0,US,41.85116968,-88.08642662,"DuPage, Illinois, US",2020-09-11,15826
782676,Illinois,DuPage,84017043,US,USA,840,17043.0,US,41.85116968,-88.08642662,"DuPage, Illinois, US",2020-09-12,15938
786018,Illinois,DuPage,84017043,US,USA,840,17043.0,US,41.85116968,-88.08642662,"DuPage, Illinois, US",2020-09-13,16022
789360,Illinois,DuPage,84017043,US,USA,840,17043.0,US,41.85116968,-88.08642662,"DuPage, Illinois, US",2020-09-14,16123
792702,Illinois,DuPage,84017043,US,USA,840,17043.0,US,41.85116968,-88.08642662,"DuPage, Illinois, US",2020-09-15,16209
796044,Illinois,DuPage,84017043,US,USA,840,17043.0,US,41.85116968,-88.08642662,"DuPage, Illinois, US",2020-09-16,16304
799386,Illinois,DuPage,84017043,US,USA,840,17043.0,US,41.85116968,-88.08642662,"DuPage, Illinois, US",2020-09-17,16374
802728,Illinois,DuPage,84017043,US,USA,840,17043.0,US,41.85116968,-88.08642662,"DuPage, Illinois, US",2020-09-18,16488
806070,Illinois,DuPage,84017043,US,USA,840,17043.0,US,41.85116968,-88.08642662,"DuPage, Illinois, US",2020-09-19,16622
809412,Illinois,DuPage,84017043,US,USA,840,17043.0,US,41.85116968,-88.08642662,"DuPage, Illinois, US",2020-09-20,16694
812754,Illinois,DuPage,84017043,US,USA,840,17043.0,US,41.85116968,-88.08642662,"DuPage, Illinois, US",2020-09-21,16799
816096,Illinois,DuPage,84017043,US,USA,840,17043.0,US,41.85116968,-88.08642662,"DuPage, Illinois, US",2020-09-22,16883
819438,Illinois,DuPage,84017043,US,USA,840,17043.0,US,41.85116968,-88.08642662,"DuPage, Illinois, US",2020-09-23,16955
822780,Illinois,DuPage,84017043,US,USA,840,17043.0,US,41.85116968,-88.08642662,"DuPage, Illinois, US",2020-09-24,17091
826122,Illinois,DuPage,84017043,US,USA,840,17043.0,US,41.85116968,-88.08642662,"DuPage, Illinois, US",2020-09-25,17253
829464,Illinois,DuPage,84017043,US,USA,840,17043.0,US,41.85116968,-88.08642662,"DuPage, Illinois, US",2020-09-26,17393
832806,Illinois,DuPage,84017043,US,USA,840,17043.0,US,41.85116968,-88.08642662,"DuPage, Illinois, US",2020-09-27,17471
836148,Illinois,DuPage,84017043,US,USA,840,17043.0,US,41.85116968,-88.08642662,"DuPage, Illinois, US",2020-09-28,17589
839490,Illinois,DuPage,84017043,US,USA,840,17043.0,US,41.85116968,-88.08642662,"DuPage, Illinois, US",2020-09-29,17690
842832,Illinois,DuPage,84017043,US,USA,840,17043.0,US,41.85116968,-88.08642662,"DuPage, Illinois, US",2020-09-30,17786
846174,Illinois,DuPage,84017043,US,USA,840,17043.0,US,41.85116968,-88.08642662,"DuPage, Illinois, US",2020-10-01,17873
849516,Illinois,DuPage,84017043,US,USA,840,17043.0,US,41.85116968,-88.08642662,"DuPage, Illinois, US",2020-10-02,18021
852858,Illinois,DuPage,84017043,US,USA,840,17043.0,US,41.85116968,-88.08642662,"DuPage, Illinois, US",2020-10-03,18129
856200,Illinois,DuPage,84017043,US,USA,840,17043.0,US,41.85116968,-88.08642662,"DuPage, Illinois, US",2020-10-04,18209
859542,Illinois,DuPage,84017043,US,USA,840,17043.0,US,41.85116968,-88.08642662,"DuPage, Illinois, US",2020-10-05,18305
862884,Illinois,DuPage,84017043,US,USA,840,17043.0,US,41.85116968,-88.08642662,"DuPage, Illinois, US",2020-10-06,18414
866226,Illinois,DuPage,84017043,US,USA,840,17043.0,US,41.85116968,-88.08642662,"DuPage, Illinois, US",2020-10-07,18583
869568,Illinois,DuPage,84017043,US,USA,840,17043.0,US,41.85116968,-88.08642662,"DuPage, Illinois, US",2020-10-08,18788
872910,Illinois,DuPage,84017043,US,USA,840,17043.0,US,41.85116968,-88.08642662,"DuPage, Illinois, US",2020-10-09,18985
876252,Illinois,DuPage,84017043,US,USA,840,17043.0,US,41.85116968,-88.08642662,"DuPage, Illinois, US",2020-10-10,19156
879594,Illinois,DuPage,84017043,US,USA,840,17043.0,US,41.85116968,-88.08642662,"DuPage, Illinois, US",2020-10-11,19310
882936,Illinois,DuPage,84017043,US,USA,840,17043.0,US,41.85116968,-88.08642662,"DuPage, Illinois, US",2020-10-12,19467
886278,Illinois,DuPage,84017043,US,USA,840,17043.0,US,41.85116968,-88.08642662,"DuPage, Illinois, US",2020-10-13,19640
889620,Illinois,DuPage,84017043,US,USA,840,17043.0,US,41.85116968,-88.08642662,"DuPage, Illinois, US",2020-10-14,19767
892962,Illinois,DuPage,84017043,US,USA,840,17043.0,US,41.85116968,-88.08642662,"DuPage, Illinois, US",2020-10-15,19967
896304,Illinois,DuPage,84017043,US,USA,840,17043.0,US,41.85116968,-88.08642662,"DuPage, Illinois, US",2020-10-16,20277
899646,Illinois,DuPage,84017043,US,USA,840,17043.0,US,41.85116968,-88.08642662,"DuPage, Illinois, US",2020-10-17,20477
902988,Illinois,DuPage,84017043,US,USA,840,17043.0,US,41.85116968,-88.08642662,"DuPage, Illinois, US",2020-10-18,20724
906330,Illinois,DuPage,84017043,US,USA,840,17043.0,US,41.85116968,-88.08642662,"DuPage, Illinois, US",2020-10-19,20947
909672,Illinois,DuPage,84017043,US,USA,840,17043.0,US,41.85116968,-88.08642662,"DuPage, Illinois, US",2020-10-20,21231
913014,Illinois,DuPage,84017043,US,USA,840,17043.0,US,41.85116968,-88.08642662,"DuPage, Illinois, US",2020-10-21,21470
916356,Illinois,DuPage,84017043,US,USA,840,17043.0,US,41.85116968,-88.08642662,"DuPage, Illinois, US",2020-10-22,21776
919698,Illinois,DuPage,84017043,US,USA,840,17043.0,US,41.85116968,-88.08642662,"DuPage, Illinois, US",2020-10-23,22100
923040,Illinois,DuPage,84017043,US,USA,840,17043.0,US,41.85116968,-88.08642662,"DuPage, Illinois, US",2020-10-24,22546
926382,Illinois,DuPage,84017043,US,USA,840,17043.0,US,41.85116968,-88.08642662,"DuPage, Illinois, US",2020-10-25,22783
929724,Illinois,DuPage,84017043,US,USA,840,17043.0,US,41.85116968,-88.08642662,"DuPage, Illinois, US",2020-10-26,23099
933066,Illinois,DuPage,84017043,US,USA,840,17043.0,US,41.85116968,-88.08642662,"DuPage, Illinois, US",2020-10-27,23408
936408,Illinois,DuPage,84017043,US,USA,840,17043.0,US,41.85116968,-88.08642662,"DuPage, Illinois, US",2020-10-28,23780
939750,Illinois,DuPage,84017043,US,USA,840,17043.0,US,41.85116968,-88.08642662,"DuPage, Illinois, US",2020-10-29,24240
943092,Illinois,DuPage,84017043,US,USA,840,17043.0,US,41.85116968,-88.08642662,"DuPage, Illinois, US",2020-10-30,24696
946434,Illinois,DuPage,84017043,US,USA,840,17043.0,US,41.85116968,-88.08642662,"DuPage, Illinois, US",2020-10-31,25201
949776,Illinois,DuPage,84017043,US,USA,840,17043.0,US,41.85116968,-88.08642662,"DuPage, Illinois, US",2020-11-01,25681
953118,Illinois,DuPage,84017043,US,USA,840,17043.0,US,41.85116968,-88.08642662,"DuPage, Illinois, US",2020-11-02,26065
956460,Illinois,DuPage,84017043,US,USA,840,17043.0,US,41.85116968,-88.08642662,"DuPage, Illinois, US",2020-11-03,26512
959802,Illinois,DuPage,84017043,US,USA,840,17043.0,US,41.85116968,-88.08642662,"DuPage, Illinois, US",2020-11-04,27065
963144,Illinois,DuPage,84017043,US,USA,840,17043.0,US,41.85116968,-88.08642662,"DuPage, Illinois, US",2020-11-05,27584
966486,Illinois,DuPage,84017043,US,USA,840,17043.0,US,41.85116968,-88.08642662,"DuPage, Illinois, US",2020-11-06,28834
969828,Illinois,DuPage,84017043,US,USA,840,17043.0,US,41.85116968,-88.08642662,"DuPage, Illinois, US",2020-11-07,29541
973170,Illinois,DuPage,84017043,US,USA,840,17043.0,US,41.85116968,-88.08642662,"DuPage, Illinois, US",2020-11-08,30244
976512,Illinois,DuPage,84017043,US,USA,840,17043.0,US,41.85116968,-88.08642662,"DuPage, Illinois, US",2020-11-09,30977
979854,Illinois,DuPage,84017043,US,USA,840,17043.0,US,41.85116968,-88.08642662,"DuPage, Illinois, US",2020-11-10,31830
983196,Illinois,DuPage,84017043,US,USA,840,17043.0,US,41.85116968,-88.08642662,"DuPage, Illinois, US",2020-11-11,32487
986538,Illinois,DuPage,84017043,US,USA,840,17043.0,US,41.85116968,-88.08642662,"DuPage, Illinois, US",2020-11-12,33102
989880,Illinois,DuPage,84017043,US,USA,840,17043.0,US,41.85116968,-88.08642662,"DuPage, Illinois, US",2020-11-13,33851
993222,Illinois,DuPage,84017043,US,USA,840,17043.0,US,41.85116968,-88.08642662,"DuPage, Illinois, US",2020-11-14,34607
996564,Illinois,DuPage,84017043,US,USA,840,17043.0,US,41.85116968,-88.08642662,"DuPage, Illinois, US",2020-11-15,35284
999906,Illinois,DuPage,84017043,US,USA,840,17043.0,US,41.85116968,-88.08642662,"DuPage, Illinois, US",2020-11-16,35878
1003248,Illinois,DuPage,84017043,US,USA,840,17043.0,US,41.85116968,-88.08642662,"DuPage, Illinois, US",2020-11-17,36941
1006590,Illinois,DuPage,84017043,US,USA,840,17043.0,US,41.85116968,-88.08642662,"DuPage, Illinois, US",2020-11-18,37632
1009932,Illinois,DuPage,84017043,US,USA,840,17043.0,US,41.85116968,-88.08642662,"DuPage, Illinois, US",2020-11-19,38670
1013274,Illinois,DuPage,84017043,US,USA,840,17043.0,US,41.85116968,-88.08642662,"DuPage, Illinois, US",2020-11-20,39547
1016616,Illinois,DuPage,84017043,US,USA,840,17043.0,US,41.85116968,-88.08642662,"DuPage, Illinois, US",2020-11-21,40314
1019958,Illinois,DuPage,84017043,US,USA,840,17043.0,US,41.85116968,-88.08642662,"DuPage, Illinois, US",2020-11-22,41006
1023300,Illinois,DuPage,84017043,US,USA,840,17043.0,US,41.85116968,-88.08642662,"DuPage, Illinois, US",2020-11-23,41602
1026642,Illinois,DuPage,84017043,US,USA,840,17043.0,US,41.85116968,-88.08642662,"DuPage, Illinois, US",2020-11-24,42201
1029984,Illinois,DuPage,84017043,US,USA,840,17043.0,US,41.85116968,-88.08642662,"DuPage, Illinois, US",2020-11-25,42881
1033326,Illinois,DuPage,84017043,US,USA,840,17043.0,US,41.85116968,-88.08642662,"DuPage, Illinois, US",2020-11-26,43513
1036668,Illinois,DuPage,84017043,US,USA,840,17043.0,US,41.85116968,-88.08642662,"DuPage, Illinois, US",2020-11-27,44035
1040010,Illinois,DuPage,84017043,US,USA,840,17043.0,US,41.85116968,-88.08642662,"DuPage, Illinois, US",2020-11-28,44656
1043352,Illinois,DuPage,84017043,US,USA,840,17043.0,US,41.85116968,-88.08642662,"DuPage, Illinois, US",2020-11-29,45087
1046694,Illinois,DuPage,84017043,US,USA,840,17043.0,US,41.85116968,-88.08642662,"DuPage, Illinois, US",2020-11-30,45446
1050036,Illinois,DuPage,84017043,US,USA,840,17043.0,US,41.85116968,-88.08642662,"DuPage, Illinois, US",2020-12-01,47179
1053378,Illinois,DuPage,84017043,US,USA,840,17043.0,US,41.85116968,-88.08642662,"DuPage, Illinois, US",2020-12-02,47742
1056720,Illinois,DuPage,84017043,US,USA,840,17043.0,US,41.85116968,-88.08642662,"DuPage, Illinois, US",2020-12-03,48499
1060062,Illinois,DuPage,84017043,US,USA,840,17043.0,US,41.85116968,-88.08642662,"DuPage, Illinois, US",2020-12-04,49311
1063404,Illinois,DuPage,84017043,US,USA,840,17043.0,US,41.85116968,-88.08642662,"DuPage, Illinois, US",2020-12-05,49976
1066746,Illinois,DuPage,84017043,US,USA,840,17043.0,US,41.85116968,-88.08642662,"DuPage, Illinois, US",2020-12-06,50484
1070088,Illinois,DuPage,84017043,US,USA,840,17043.0,US,41.85116968,-88.08642662,"DuPage, Illinois, US",2020-12-07,51051
1073430,Illinois,DuPage,84017043,US,USA,840,17043.0,US,41.85116968,-88.08642662,"DuPage, Illinois, US",2020-12-08,51672
1076772,Illinois,DuPage,84017043,US,USA,840,17043.0,US,41.85116968,-88.08642662,"DuPage, Illinois, US",2020-12-09,52300
1080114,Illinois,DuPage,84017043,US,USA,840,17043.0,US,41.85116968,-88.08642662,"DuPage, Illinois, US",2020-12-10,52882
1083456,Illinois,DuPage,84017043,US,USA,840,17043.0,US,41.85116968,-88.08642662,"DuPage, Illinois, US",2020-12-11,53456
1086798,Illinois,DuPage,84017043,US,USA,840,17043.0,US,41.85116968,-88.08642662,"DuPage, Illinois, US",2020-12-12,54080
1090140,Illinois,DuPage,84017043,US,USA,840,17043.0,US,41.85116968,-88.08642662,"DuPage, Illinois, US",2020-12-13,54533
1093482,Illinois,DuPage,84017043,US,USA,840,17043.0,US,41.85116968,-88.08642662,"DuPage, Illinois, US",2020-12-14,55013
1096824,Illinois,DuPage,84017043,US,USA,840,17043.0,US,41.85116968,-88.08642662,"DuPage, Illinois, US",2020-12-15,55495
1100166,Illinois,DuPage,84017043,US,USA,840,17043.0,US,41.85116968,-88.08642662,"DuPage, Illinois, US",2020-12-16,55941
1103508,Illinois,DuPage,84017043,US,USA,840,17043.0,US,41.85116968,-88.08642662,"DuPage, Illinois, US",2020-12-17,56512
1106850,Illinois,DuPage,84017043,US,USA,840,17043.0,US,41.85116968,-88.08642662,"DuPage, Illinois, US",2020-12-18,56881
1110192,Illinois,DuPage,84017043,US,USA,840,17043.0,US,41.85116968,-88.08642662,"DuPage, Illinois, US",2020-12-19,57421
1113534,Illinois,DuPage,84017043,US,USA,840,17043.0,US,41.85116968,-88.08642662,"DuPage, Illinois, US",2020-12-20,57784
1116876,Illinois,DuPage,84017043,US,USA,840,17043.0,US,41.85116968,-88.08642662,"DuPage, Illinois, US",2020-12-21,58048
1120218,Illinois,DuPage,84017043,US,USA,840,17043.0,US,41.85116968,-88.08642662,"DuPage, Illinois, US",2020-12-22,58402
1123560,Illinois,DuPage,84017043,US,USA,840,17043.0,US,41.85116968,-88.08642662,"DuPage, Illinois, US",2020-12-23,58741
1126902,Illinois,DuPage,84017043,US,USA,840,17043.0,US,41.85116968,-88.08642662,"DuPage, Illinois, US",2020-12-24,59212
1130244,Illinois,DuPage,84017043,US,USA,840,17043.0,US,41.85116968,-88.08642662,"DuPage, Illinois, US",2020-12-25,59577
1133586,Illinois,DuPage,84017043,US,USA,840,17043.0,US,41.85116968,-88.08642662,"DuPage, Illinois, US",2020-12-26,59758
1136928,Illinois,DuPage,84017043,US,USA,840,17043.0,US,41.85116968,-88.08642662,"DuPage, Illinois, US",2020-12-27,60077
1140270,Illinois,DuPage,84017043,US,USA,840,17043.0,US,41.85116968,-88.08642662,"DuPage, Illinois, US",2020-12-28,60473
1143612,Illinois,DuPage,84017043,US,USA,840,17043.0,US,41.85116968,-88.08642662,"DuPage, Illinois, US",2020-12-29,60839
1146954,Illinois,DuPage,84017043,US,USA,840,17043.0,US,41.85116968,-88.08642662,"DuPage, Illinois, US",2020-12-30,61271
1150296,Illinois,DuPage,84017043,US,USA,840,17043.0,US,41.85116968,-88.08642662,"DuPage, Illinois, US",2020-12-31,61805
1153638,Illinois,DuPage,84017043,US,USA,840,17043.0,US,41.85116968,-88.08642662,"DuPage, Illinois, US",2021-01-01,61805
1156980,Illinois,DuPage,84017043,US,USA,840,17043.0,US,41.85116968,-88.08642662,"DuPage, Illinois, US",2021-01-02,62676
1160322,Illinois,DuPage,84017043,US,USA,840,17043.0,US,41.85116968,-88.08642662,"DuPage, Illinois, US",2021-01-03,63022
1163664,Illinois,DuPage,84017043,US,USA,840,17043.0,US,41.85116968,-88.08642662,"DuPage, Illinois, US",2021-01-04,63396
1167006,Illinois,DuPage,84017043,US,USA,840,17043.0,US,41.85116968,-88.08642662,"DuPage, Illinois, US",2021-01-05,63831
1170348,Illinois,DuPage,84017043,US,USA,840,17043.0,US,41.85116968,-88.08642662,"DuPage, Illinois, US",2021-01-06,64259
1173690,Illinois,DuPage,84017043,US,USA,840,17043.0,US,41.85116968,-88.08642662,"DuPage, Illinois, US",2021-01-07,64755
1177032,Illinois,DuPage,84017043,US,USA,840,17043.0,US,41.85116968,-88.08642662,"DuPage, Illinois, US",2021-01-08,65385
1180374,Illinois,DuPage,84017043,US,USA,840,17043.0,US,41.85116968,-88.08642662,"DuPage, Illinois, US",2021-01-09,65784
1183716,Illinois,DuPage,84017043,US,USA,840,17043.0,US,41.85116968,-88.08642662,"DuPage, Illinois, US",2021-01-10,66084
1187058,Illinois,DuPage,84017043,US,USA,840,17043.0,US,41.85116968,-88.08642662,"DuPage, Illinois, US",2021-01-11,66414
1190400,Illinois,DuPage,84017043,US,USA,840,17043.0,US,41.85116968,-88.08642662,"DuPage, Illinois, US",2021-01-12,66858
1193742,Illinois,DuPage,84017043,US,USA,840,17043.0,US,41.85116968,-88.08642662,"DuPage, Illinois, US",2021-01-13,67271
1197084,Illinois,DuPage,84017043,US,USA,840,17043.0,US,41.85116968,-88.08642662,"DuPage, Illinois, US",2021-01-14,67651
1200426,Illinois,DuPage,84017043,US,USA,840,17043.0,US,41.85116968,-88.08642662,"DuPage, Illinois, US",2021-01-15,68156
1203768,Illinois,DuPage,84017043,US,USA,840,17043.0,US,41.85116968,-88.08642662,"DuPage, Illinois, US",2021-01-16,68534
1207110,Illinois,DuPage,84017043,US,USA,840,17043.0,US,41.85116968,-88.08642662,"DuPage, Illinois, US",2021-01-17,68737
1210452,Illinois,DuPage,84017043,US,USA,840,17043.0,US,41.85116968,-88.08642662,"DuPage, Illinois, US",2021-01-18,68970
1213794,Illinois,DuPage,84017043,US,USA,840,17043.0,US,41.85116968,-88.08642662,"DuPage, Illinois, US",2021-01-19,69285
1217136,Illinois,DuPage,84017043,US,USA,840,17043.0,US,41.85116968,-88.08642662,"DuPage, Illinois, US",2021-01-20,69579
1220478,Illinois,DuPage,84017043,US,USA,840,17043.0,US,41.85116968,-88.08642662,"DuPage, Illinois, US",2021-01-21,69900
1223820,Illinois,DuPage,84017043,US,USA,840,17043.0,US,41.85116968,-88.08642662,"DuPage, Illinois, US",2021-01-22,70324
1227162,Illinois,DuPage,84017043,US,USA,840,17043.0,US,41.85116968,-88.08642662,"DuPage, Illinois, US",2021-01-23,70712
1230504,Illinois,DuPage,84017043,US,USA,840,17043.0,US,41.85116968,-88.08642662,"DuPage, Illinois, US",2021-01-24,70890
1233846,Illinois,DuPage,84017043,US,USA,840,17043.0,US,41.85116968,-88.08642662,"DuPage, Illinois, US",2021-01-25,71070
1237188,Illinois,DuPage,84017043,US,USA,840,17043.0,US,41.85116968,-88.08642662,"DuPage, Illinois, US",2021-01-26,71323
1240530,Illinois,DuPage,84017043,US,USA,840,17043.0,US,41.85116968,-88.08642662,"DuPage, Illinois, US",2021-01-27,71529
1243872,Illinois,DuPage,84017043,US,USA,840,17043.0,US,41.85116968,-88.08642662,"DuPage, Illinois, US",2021-01-28,71819
1247214,Illinois,DuPage,84017043,US,USA,840,17043.0,US,41.85116968,-88.08642662,"DuPage, Illinois, US",2021-01-29,72068
1250556,Illinois,DuPage,84017043,US,USA,840,17043.0,US,41.85116968,-88.08642662,"DuPage, Illinois, US",2021-01-30,72279
1253898,Illinois,DuPage,84017043,US,USA,840,17043.0,US,41.85116968,-88.08642662,"DuPage, Illinois, US",2021-01-31,72454
1257240,Illinois,DuPage,84017043,US,USA,840,17043.0,US,41.85116968,-88.08642662,"DuPage, Illinois, US",2021-02-01,72610
1260582,Illinois,DuPage,84017043,US,USA,840,17043.0,US,41.85116968,-88.08642662,"DuPage, Illinois, US",2021-02-02,72732
1263924,Illinois,DuPage,84017043,US,USA,840,17043.0,US,41.85116968,-88.08642662,"DuPage, Illinois, US",2021-02-03,72945
1267266,Illinois,DuPage,84017043,US,USA,840,17043.0,US,41.85116968,-88.08642662,"DuPage, Illinois, US",2021-02-04,73167
1270608,Illinois,DuPage,84017043,US,USA,840,17043.0,US,41.85116968,-88.08642662,"DuPage, Illinois, US",2021-02-05,73399
1273950,Illinois,DuPage,84017043,US,USA,840,17043.0,US,41.85116968,-88.08642662,"DuPage, Illinois, US",2021-02-06,73602
1277292,Illinois,DuPage,84017043,US,USA,840,17043.0,US,41.85116968,-88.08642662,"DuPage, Illinois, US",2021-02-07,73692
1280634,Illinois,DuPage,84017043,US,USA,840,17043.0,US,41.85116968,-88.08642662,"DuPage, Illinois, US",2021-02-08,73832
1283976,Illinois,DuPage,84017043,US,USA,840,17043.0,US,41.85116968,-88.08642662,"DuPage, Illinois, US",2021-02-09,73981
1287318,Illinois,DuPage,84017043,US,USA,840,17043.0,US,41.85116968,-88.08642662,"DuPage, Illinois, US",2021-02-10,74151
1290660,Illinois,DuPage,84017043,US,USA,840,17043.0,US,41.85116968,-88.08642662,"DuPage, Illinois, US",2021-02-11,74406
1294002,Illinois,DuPage,84017043,US,USA,840,17043.0,US,41.85116968,-88.08642662,"DuPage, Illinois, US",2021-02-12,74578
1297344,Illinois,DuPage,84017043,US,USA,840,17043.0,US,41.85116968,-88.08642662,"DuPage, Illinois, US",2021-02-13,74742
1300686,Illinois,DuPage,84017043,US,USA,840,17043.0,US,41.85116968,-88.08642662,"DuPage, Illinois, US",2021-02-14,74877
1304028,Illinois,DuPage,84017043,US,USA,840,17043.0,US,41.85116968,-88.08642662,"DuPage, Illinois, US",2021-02-15,74991
1307370,Illinois,DuPage,84017043,US,USA,840,17043.0,US,41.85116968,-88.08642662,"DuPage, Illinois, US",2021-02-16,75140
1310712,Illinois,DuPage,84017043,US,USA,840,17043.0,US,41.85116968,-88.08642662,"DuPage, Illinois, US",2021-02-17,75281
1314054,Illinois,DuPage,84017043,US,USA,840,17043.0,US,41.85116968,-88.08642662,"DuPage, Illinois, US",2021-02-18,75419
1317396,Illinois,DuPage,84017043,US,USA,840,17043.0,US,41.85116968,-88.08642662,"DuPage, Illinois, US",2021-02-19,75587
1320738,Illinois,DuPage,84017043,US,USA,840,17043.0,US,41.85116968,-88.08642662,"DuPage, Illinois, US",2021-02-20,75701
1324080,Illinois,DuPage,84017043,US,USA,840,17043.0,US,41.85116968,-88.08642662,"DuPage, Illinois, US",2021-02-21,75826
1327422,Illinois,DuPage,84017043,US,USA,840,17043.0,US,41.85116968,-88.08642662,"DuPage, Illinois, US",2021-02-22,76009
1330764,Illinois,DuPage,84017043,US,USA,840,17043.0,US,41.85116968,-88.08642662,"DuPage, Illinois, US",2021-02-23,76156
1334106,Illinois,DuPage,84017043,US,USA,840,17043.0,US,41.85116968,-88.08642662,"DuPage, Illinois, US",2021-02-24,76287
1337448,Illinois,DuPage,84017043,US,USA,840,17043.0,US,41.85116968,-88.08642662,"DuPage, Illinois, US",2021-02-25,76398
1340790,Illinois,DuPage,84017043,US,USA,840,17043.0,US,41.85116968,-88.08642662,"DuPage, Illinois, US",2021-02-26,76542
1344132,Illinois,DuPage,84017043,US,USA,840,17043.0,US,41.85116968,-88.08642662,"DuPage, Illinois, US",2021-02-27,76659
1347474,Illinois,DuPage,84017043,US,USA,840,17043.0,US,41.85116968,-88.08642662,"DuPage, Illinois, US",2021-02-28,76765
1350816,Illinois,DuPage,84017043,US,USA,840,17043.0,US,41.85116968,-88.08642662,"DuPage, Illinois, US",2021-03-01,76871
1354158,Illinois,DuPage,84017043,US,USA,840,17043.0,US,41.85116968,-88.08642662,"DuPage, Illinois, US",2021-03-02,77025
1357500,Illinois,DuPage,84017043,US,USA,840,17043.0,US,41.85116968,-88.08642662,"DuPage, Illinois, US",2021-03-03,77279
1360842,Illinois,DuPage,84017043,US,USA,840,17043.0,US,41.85116968,-88.08642662,"DuPage, Illinois, US",2021-03-04,77406
1364184,Illinois,DuPage,84017043,US,USA,840,17043.0,US,41.85116968,-88.08642662,"DuPage, Illinois, US",2021-03-05,77506
1367526,Illinois,DuPage,84017043,US,USA,840,17043.0,US,41.85116968,-88.08642662,"DuPage, Illinois, US",2021-03-06,77796
1370868,Illinois,DuPage,84017043,US,USA,840,17043.0,US,41.85116968,-88.08642662,"DuPage, Illinois, US",2021-03-07,77882
1374210,Illinois,DuPage,84017043,US,USA,840,17043.0,US,41.85116968,-88.08642662,"DuPage, Illinois, US",2021-03-08,77960
1377552,Illinois,DuPage,84017043,US,USA,840,17043.0,US,41.85116968,-88.08642662,"DuPage, Illinois, US",2021-03-09,78098
1380894,Illinois,DuPage,84017043,US,USA,840,17043.0,US,41.85116968,-88.08642662,"DuPage, Illinois, US",2021-03-10,78207
1384236,Illinois,DuPage,84017043,US,USA,840,17043.0,US,41.85116968,-88.08642662,"DuPage, Illinois, US",2021-03-11,78341
1387578,Illinois,DuPage,84017043,US,USA,840,17043.0,US,41.85116968,-88.08642662,"DuPage, Illinois, US",2021-03-12,78450
1390920,Illinois,DuPage,84017043,US,USA,840,17043.0,US,41.85116968,-88.08642662,"DuPage, Illinois, US",2021-03-13,78589
1394262,Illinois,DuPage,84017043,US,USA,840,17043.0,US,41.85116968,-88.08642662,"DuPage, Illinois, US",2021-03-14,78889
1397604,Illinois,DuPage,84017043,US,USA,840,17043.0,US,41.85116968,-88.08642662,"DuPage, Illinois, US",2021-03-15,79010
1400946,Illinois,DuPage,84017043,US,USA,840,17043.0,US,41.85116968,-88.08642662,"DuPage, Illinois, US",2021-03-16,79165
1404288,Illinois,DuPage,84017043,US,USA,840,17043.0,US,41.85116968,-88.08642662,"DuPage, Illinois, US",2021-03-17,79328
1407630,Illinois,DuPage,84017043,US,USA,840,17043.0,US,41.85116968,-88.08642662,"DuPage, Illinois, US",2021-03-18,79511
1410972,Illinois,DuPage,84017043,US,USA,840,17043.0,US,41.85116968,-88.08642662,"DuPage, Illinois, US",2021-03-19,79730
1414314,Illinois,DuPage,84017043,US,USA,840,17043.0,US,41.85116968,-88.08642662,"DuPage, Illinois, US",2021-03-20,79898
1417656,Illinois,DuPage,84017043,US,USA,840,17043.0,US,41.85116968,-88.08642662,"DuPage, Illinois, US",2021-03-21,79994
1420998,Illinois,DuPage,84017043,US,USA,840,17043.0,US,41.85116968,-88.08642662,"DuPage, Illinois, US",2021-03-22,80121
1424340,Illinois,DuPage,84017043,US,USA,840,17043.0,US,41.85116968,-88.08642662,"DuPage, Illinois, US",2021-03-23,80285
1427682,Illinois,DuPage,84017043,US,USA,840,17043.0,US,41.85116968,-88.08642662,"DuPage, Illinois, US",2021-03-24,80560
1431024,Illinois,DuPage,84017043,US,USA,840,17043.0,US,41.85116968,-88.08642662,"DuPage, Illinois, US",2021-03-25,80728
1434366,Illinois,DuPage,84017043,US,USA,840,17043.0,US,41.85116968,-88.08642662,"DuPage, Illinois, US",2021-03-26,80980
1437708,Illinois,DuPage,84017043,US,USA,840,17043.0,US,41.85116968,-88.08642662,"DuPage, Illinois, US",2021-03-27,81165
1441050,Illinois,DuPage,84017043,US,USA,840,17043.0,US,41.85116968,-88.08642662,"DuPage, Illinois, US",2021-03-28,81323
1444392,Illinois,DuPage,84017043,US,USA,840,17043.0,US,41.85116968,-88.08642662,"DuPage, Illinois, US",2021-03-29,81487
1447734,Illinois,DuPage,84017043,US,USA,840,17043.0,US,41.85116968,-88.08642662,"DuPage, Illinois, US",2021-03-30,81698
1451076,Illinois,DuPage,84017043,US,USA,840,17043.0,US,41.85116968,-88.08642662,"DuPage, Illinois, US",2021-03-31,81889
1454418,Illinois,DuPage,84017043,US,USA,840,17043.0,US,41.85116968,-88.08642662,"DuPage, Illinois, US",2021-04-01,82163
1457760,Illinois,DuPage,84017043,US,USA,840,17043.0,US,41.85116968,-88.08642662,"DuPage, Illinois, US",2021-04-02,82391
1461102,Illinois,DuPage,84017043,US,USA,840,17043.0,US,41.85116968,-88.08642662,"DuPage, Illinois, US",2021-04-03,82635
1464444,Illinois,DuPage,84017043,US,USA,840,17043.0,US,41.85116968,-88.08642662,"DuPage, Illinois, US",2021-04-04,82864
1467786,Illinois,DuPage,84017043,US,USA,840,17043.0,US,41.85116968,-88.08642662,"DuPage, Illinois, US",2021-04-05,83031
1471128,Illinois,DuPage,84017043,US,USA,840,17043.0,US,41.85116968,-88.08642662,"DuPage, Illinois, US",2021-04-06,83350
1474470,Illinois,DuPage,84017043,US,USA,840,17043.0,US,41.85116968,-88.08642662,"DuPage, Illinois, US",2021-04-07,83637
1477812,Illinois,DuPage,84017043,US,USA,840,17043.0,US,41.85116968,-88.08642662,"DuPage, Illinois, US",2021-04-08,83927
1481154,Illinois,DuPage,84017043,US,USA,840,17043.0,US,41.85116968,-88.08642662,"DuPage, Illinois, US",2021-04-09,84261
1484496,Illinois,DuPage,84017043,US,USA,840,17043.0,US,41.85116968,-88.08642662,"DuPage, Illinois, US",2021-04-10,84570
1487838,Illinois,DuPage,84017043,US,USA,840,17043.0,US,41.85116968,-88.08642662,"DuPage, Illinois, US",2021-04-11,84777
1491180,Illinois,DuPage,84017043,US,USA,840,17043.0,US,41.85116968,-88.08642662,"DuPage, Illinois, US",2021-04-12,85016
1494522,Illinois,DuPage,84017043,US,USA,840,17043.0,US,41.85116968,-88.08642662,"DuPage, Illinois, US",2021-04-13,85272
1497864,Illinois,DuPage,84017043,US,USA,840,17043.0,US,41.85116968,-88.08642662,"DuPage, Illinois, US",2021-04-14,85523
1501206,Illinois,DuPage,84017043,US,USA,840,17043.0,US,41.85116968,-88.08642662,"DuPage, Illinois, US",2021-04-15,85799
1504548,Illinois,DuPage,84017043,US,USA,840,17043.0,US,41.85116968,-88.08642662,"DuPage, Illinois, US",2021-04-16,85994
1507890,Illinois,DuPage,84017043,US,USA,840,17043.0,US,41.85116968,-88.08642662,"DuPage, Illinois, US",2021-04-17,86225
1511232,Illinois,DuPage,84017043,US,USA,840,17043.0,US,41.85116968,-88.08642662,"DuPage, Illinois, US",2021-04-18,86397
1514574,Illinois,DuPage,84017043,US,USA,840,17043.0,US,41.85116968,-88.08642662,"DuPage, Illinois, US",2021-04-19,86547
1517916,Illinois,DuPage,84017043,US,USA,840,17043.0,US,41.85116968,-88.08642662,"DuPage, Illinois, US",2021-04-20,86723
1521258,Illinois,DuPage,84017043,US,USA,840,17043.0,US,41.85116968,-88.08642662,"DuPage, Illinois, US",2021-04-21,86921
1524600,Illinois,DuPage,84017043,US,USA,840,17043.0,US,41.85116968,-88.08642662,"DuPage, Illinois, US",2021-04-22,87172
1527942,Illinois,DuPage,84017043,US,USA,840,17043.0,US,41.85116968,-88.08642662,"DuPage, Illinois, US",2021-04-23,87430
1531284,Illinois,DuPage,84017043,US,USA,840,17043.0,US,41.85116968,-88.08642662,"DuPage, Illinois, US",2021-04-24,87668
1534626,Illinois,DuPage,84017043,US,USA,840,17043.0,US,41.85116968,-88.08642662,"DuPage, Illinois, US",2021-04-25,87807
1537968,Illinois,DuPage,84017043,US,USA,840,17043.0,US,41.85116968,-88.08642662,"DuPage, Illinois, US",2021-04-26,87994
1541310,Illinois,DuPage,84017043,US,USA,840,17043.0,US,41.85116968,-88.08642662,"DuPage, Illinois, US",2021-04-27,88158
1544652,Illinois,DuPage,84017043,US,USA,840,17043.0,US,41.85116968,-88.08642662,"DuPage, Illinois, US",2021-04-28,88323
1547994,Illinois,DuPage,84017043,US,USA,840,17043.0,US,41.85116968,-88.08642662,"DuPage, Illinois, US",2021-04-29,88519
1551336,Illinois,DuPage,84017043,US,USA,840,17043.0,US,41.85116968,-88.08642662,"DuPage, Illinois, US",2021-04-30,88752
1554678,Illinois,DuPage,84017043,US,USA,840,17043.0,US,41.85116968,-88.08642662,"DuPage, Illinois, US",2021-05-01,88941
1558020,Illinois,DuPage,84017043,US,USA,840,17043.0,US,41.85116968,-88.08642662,"DuPage, Illinois, US",2021-05-02,89043
1561362,Illinois,DuPage,84017043,US,USA,840,17043.0,US,41.85116968,-88.08642662,"DuPage, Illinois, US",2021-05-03,89180
1564704,Illinois,DuPage,84017043,US,USA,840,17043.0,US,41.85116968,-88.08642662,"DuPage, Illinois, US",2021-05-04,89343
1568046,Illinois,DuPage,84017043,US,USA,840,17043.0,US,41.85116968,-88.08642662,"DuPage, Illinois, US",2021-05-05,89505
1571388,Illinois,DuPage,84017043,US,USA,840,17043.0,US,41.85116968,-88.08642662,"DuPage, Illinois, US",2021-05-06,89618
1574730,Illinois,DuPage,84017043,US,USA,840,17043.0,US,41.85116968,-88.08642662,"DuPage, Illinois, US",2021-05-07,89821
1578072,Illinois,DuPage,84017043,US,USA,840,17043.0,US,41.85116968,-88.08642662,"DuPage, Illinois, US",2021-05-08,89941
1581414,Illinois,DuPage,84017043,US,USA,840,17043.0,US,41.85116968,-88.08642662,"DuPage, Illinois, US",2021-05-09,90032
1584756,Illinois,DuPage,84017043,US,USA,840,17043.0,US,41.85116968,-88.08642662,"DuPage, Illinois, US",2021-05-10,90140
1588098,Illinois,DuPage,84017043,US,USA,840,17043.0,US,41.85116968,-88.08642662,"DuPage, Illinois, US",2021-05-11,90266
1591440,Illinois,DuPage,84017043,US,USA,840,17043.0,US,41.85116968,-88.08642662,"DuPage, Illinois, US",2021-05-12,90387
1594782,Illinois,DuPage,84017043,US,USA,840,17043.0,US,41.85116968,-88.08642662,"DuPage, Illinois, US",2021-05-13,90503
1598124,Illinois,DuPage,84017043,US,USA,840,17043.0,US,41.85116968,-88.08642662,"DuPage, Illinois, US",2021-05-14,90628
1601466,Illinois,DuPage,84017043,US,USA,840,17043.0,US,41.85116968,-88.08642662,"DuPage, Illinois, US",2021-05-15,90731
1604808,Illinois,DuPage,84017043,US,USA,840,17043.0,US,41.85116968,-88.08642662,"DuPage, Illinois, US",2021-05-16,90799
1608150,Illinois,DuPage,84017043,US,USA,840,17043.0,US,41.85116968,-88.08642662,"DuPage, Illinois, US",2021-05-17,90835
1611492,Illinois,DuPage,84017043,US,USA,840,17043.0,US,41.85116968,-88.08642662,"DuPage, Illinois, US",2021-05-18,90946
1614834,Illinois,DuPage,84017043,US,USA,840,17043.0,US,41.85116968,-88.08642662,"DuPage, Illinois, US",2021-05-19,91075
1618176,Illinois,DuPage,84017043,US,USA,840,17043.0,US,41.85116968,-88.08642662,"DuPage, Illinois, US",2021-05-20,91170
1621518,Illinois,DuPage,84017043,US,USA,840,17043.0,US,41.85116968,-88.08642662,"DuPage, Illinois, US",2021-05-21,91288
1624860,Illinois,DuPage,84017043,US,USA,840,17043.0,US,41.85116968,-88.08642662,"DuPage, Illinois, US",2021-05-22,91352
1628202,Illinois,DuPage,84017043,US,USA,840,17043.0,US,41.85116968,-88.08642662,"DuPage, Illinois, US",2021-05-23,91423
1631544,Illinois,DuPage,84017043,US,USA,840,17043.0,US,41.85116968,-88.08642662,"DuPage, Illinois, US",2021-05-24,91498
1634886,Illinois,DuPage,84017043,US,USA,840,17043.0,US,41.85116968,-88.08642662,"DuPage, Illinois, US",2021-05-25,91548
1638228,Illinois,DuPage,84017043,US,USA,840,17043.0,US,41.85116968,-88.08642662,"DuPage, Illinois, US",2021-05-26,91623
1641570,Illinois,DuPage,84017043,US,USA,840,17043.0,US,41.85116968,-88.08642662,"DuPage, Illinois, US",2021-05-27,91658
1644912,Illinois,DuPage,84017043,US,USA,840,17043.0,US,41.85116968,-88.08642662,"DuPage, Illinois, US",2021-05-28,91717
1648254,Illinois,DuPage,84017043,US,USA,840,17043.0,US,41.85116968,-88.08642662,"DuPage, Illinois, US",2021-05-29,91771
1651596,Illinois,DuPage,84017043,US,USA,840,17043.0,US,41.85116968,-88.08642662,"DuPage, Illinois, US",2021-05-30,91814
1654938,Illinois,DuPage,84017043,US,USA,840,17043.0,US,41.85116968,-88.08642662,"DuPage, Illinois, US",2021-05-31,91860
1658280,Illinois,DuPage,84017043,US,USA,840,17043.0,US,41.85116968,-88.08642662,"DuPage, Illinois, US",2021-06-01,91893
1661622,Illinois,DuPage,84017043,US,USA,840,17043.0,US,41.85116968,-88.08642662,"DuPage, Illinois, US",2021-06-02,91907
1664964,Illinois,DuPage,84017043,US,USA,840,17043.0,US,41.85116968,-88.08642662,"DuPage, Illinois, US",2021-06-03,91981
1668306,Illinois,DuPage,84017043,US,USA,840,17043.0,US,41.85116968,-88.08642662,"DuPage, Illinois, US",2021-06-04,92068
1671648,Illinois,DuPage,84017043,US,USA,840,17043.0,US,41.85116968,-88.08642662,"DuPage, Illinois, US",2021-06-05,92132
1674990,Illinois,DuPage,84017043,US,USA,840,17043.0,US,41.85116968,-88.08642662,"DuPage, Illinois, US",2021-06-06,92142
1678332,Illinois,DuPage,84017043,US,USA,840,17043.0,US,41.85116968,-88.08642662,"DuPage, Illinois, US",2021-06-07,92170
1681674,Illinois,DuPage,84017043,US,USA,840,17043.0,US,41.85116968,-88.08642662,"DuPage, Illinois, US",2021-06-08,92213
1685016,Illinois,DuPage,84017043,US,USA,840,17043.0,US,41.85116968,-88.08642662,"DuPage, Illinois, US",2021-06-09,92249
1688358,Illinois,DuPage,84017043,US,USA,840,17043.0,US,41.85116968,-88.08642662,"DuPage, Illinois, US",2021-06-10,92264
1691700,Illinois,DuPage,84017043,US,USA,840,17043.0,US,41.85116968,-88.08642662,"DuPage, Illinois, US",2021-06-11,92281
1695042,Illinois,DuPage,84017043,US,USA,840,17043.0,US,41.85116968,-88.08642662,"DuPage, Illinois, US",2021-06-12,92297
1698384,Illinois,DuPage,84017043,US,USA,840,17043.0,US,41.85116968,-88.08642662,"DuPage, Illinois, US",2021-06-13,92309
1701726,Illinois,DuPage,84017043,US,USA,840,17043.0,US,41.85116968,-88.08642662,"DuPage, Illinois, US",2021-06-14,92318
1705068,Illinois,DuPage,84017043,US,USA,840,17043.0,US,41.85116968,-88.08642662,"DuPage, Illinois, US",2021-06-15,92328
1708410,Illinois,DuPage,84017043,US,USA,840,17043.0,US,41.85116968,-88.08642662,"DuPage, Illinois, US",2021-06-16,92351
1711752,Illinois,DuPage,84017043,US,USA,840,17043.0,US,41.85116968,-88.08642662,"DuPage, Illinois, US",2021-06-17,92362
1715094,Illinois,DuPage,84017043,US,USA,840,17043.0,US,41.85116968,-88.08642662,"DuPage, Illinois, US",2021-06-18,92368
1718436,Illinois,DuPage,84017043,US,USA,840,17043.0,US,41.85116968,-88.08642662,"DuPage, Illinois, US",2021-06-19,92368
1721778,Illinois,DuPage,84017043,US,USA,840,17043.0,US,41.85116968,-88.08642662,"DuPage, Illinois, US",2021-06-20,92368
1725120,Illinois,DuPage,84017043,US,USA,840,17043.0,US,41.85116968,-88.08642662,"DuPage, Illinois, US",2021-06-21,92413
1728462,Illinois,DuPage,84017043,US,USA,840,17043.0,US,41.85116968,-88.08642662,"DuPage, Illinois, US",2021-06-22,92425
1731804,Illinois,DuPage,84017043,US,USA,840,17043.0,US,41.85116968,-88.08642662,"DuPage, Illinois, US",2021-06-23,92446
1735146,Illinois,DuPage,84017043,US,USA,840,17043.0,US,41.85116968,-88.08642662,"DuPage, Illinois, US",2021-06-24,92446
1738488,Illinois,DuPage,84017043,US,USA,840,17043.0,US,41.85116968,-88.08642662,"DuPage, Illinois, US",2021-06-25,92473
1741830,Illinois,DuPage,84017043,US,USA,840,17043.0,US,41.85116968,-88.08642662,"DuPage, Illinois, US",2021-06-26,92473
1745172,Illinois,DuPage,84017043,US,USA,840,17043.0,US,41.85116968,-88.08642662,"DuPage, Illinois, US",2021-06-27,92473
1748514,Illinois,DuPage,84017043,US,USA,840,17043.0,US,41.85116968,-88.08642662,"DuPage, Illinois, US",2021-06-28,92547
1751856,Illinois,DuPage,84017043,US,USA,840,17043.0,US,41.85116968,-88.08642662,"DuPage, Illinois, US",2021-06-29,92561
1755198,Illinois,DuPage,84017043,US,USA,840,17043.0,US,41.85116968,-88.08642662,"DuPage, Illinois, US",2021-06-30,92565
1758540,Illinois,DuPage,84017043,US,USA,840,17043.0,US,41.85116968,-88.08642662,"DuPage, Illinois, US",2021-07-01,92579
1761882,Illinois,DuPage,84017043,US,USA,840,17043.0,US,41.85116968,-88.08642662,"DuPage, Illinois, US",2021-07-02,92595
1765224,Illinois,DuPage,84017043,US,USA,840,17043.0,US,41.85116968,-88.08642662,"DuPage, Illinois, US",2021-07-03,92595
1768566,Illinois,DuPage,84017043,US,USA,840,17043.0,US,41.85116968,-88.08642662,"DuPage, Illinois, US",2021-07-04,92595
1771908,Illinois,DuPage,84017043,US,USA,840,17043.0,US,41.85116968,-88.08642662,"DuPage, Illinois, US",2021-07-05,92595
1775250,Illinois,DuPage,84017043,US,USA,840,17043.0,US,41.85116968,-88.08642662,"DuPage, Illinois, US",2021-07-06,92651
1778592,Illinois,DuPage,84017043,US,USA,840,17043.0,US,41.85116968,-88.08642662,"DuPage, Illinois, US",2021-07-07,92668
1781934,Illinois,DuPage,84017043,US,USA,840,17043.0,US,41.85116968,-88.08642662,"DuPage, Illinois, US",2021-07-08,92688
1785276,Illinois,DuPage,84017043,US,USA,840,17043.0,US,41.85116968,-88.08642662,"DuPage, Illinois, US",2021-07-09,92713
1788618,Illinois,DuPage,84017043,US,USA,840,17043.0,US,41.85116968,-88.08642662,"DuPage, Illinois, US",2021-07-10,92713
1791960,Illinois,DuPage,84017043,US,USA,840,17043.0,US,41.85116968,-88.08642662,"DuPage, Illinois, US",2021-07-11,92713
1795302,Illinois,DuPage,84017043,US,USA,840,17043.0,US,41.85116968,-88.08642662,"DuPage, Illinois, US",2021-07-12,92788
1798644,Illinois,DuPage,84017043,US,USA,840,17043.0,US,41.85116968,-88.08642662,"DuPage, Illinois, US",2021-07-13,92808
1801986,Illinois,DuPage,84017043,US,USA,840,17043.0,US,41.85116968,-88.08642662,"DuPage, Illinois, US",2021-07-14,92846
1805328,Illinois,DuPage,84017043,US,USA,840,17043.0,US,41.85116968,-88.08642662,"DuPage, Illinois, US",2021-07-15,92888
1808670,Illinois,DuPage,84017043,US,USA,840,17043.0,US,41.85116968,-88.08642662,"DuPage, Illinois, US",2021-07-16,92920
1812012,Illinois,DuPage,84017043,US,USA,840,17043.0,US,41.85116968,-88.08642662,"DuPage, Illinois, US",2021-07-17,92920
1815354,Illinois,DuPage,84017043,US,USA,840,17043.0,US,41.85116968,-88.08642662,"DuPage, Illinois, US",2021-07-18,92920
1818696,Illinois,DuPage,84017043,US,USA,840,17043.0,US,41.85116968,-88.08642662,"DuPage, Illinois, US",2021-07-19,93057
1822038,Illinois,DuPage,84017043,US,USA,840,17043.0,US,41.85116968,-88.08642662,"DuPage, Illinois, US",2021-07-20,93095
1825380,Illinois,DuPage,84017043,US,USA,840,17043.0,US,41.85116968,-88.08642662,"DuPage, Illinois, US",2021-07-21,93155
1828722,Illinois,DuPage,84017043,US,USA,840,17043.0,US,41.85116968,-88.08642662,"DuPage, Illinois, US",2021-07-22,93274
1832064,Illinois,DuPage,84017043,US,USA,840,17043.0,US,41.85116968,-88.08642662,"DuPage, Illinois, US",2021-07-23,93353
1835406,Illinois,DuPage,84017043,US,USA,840,17043.0,US,41.85116968,-88.08642662,"DuPage, Illinois, US",2021-07-24,93353
1838748,Illinois,DuPage,84017043,US,USA,840,17043.0,US,41.85116968,-88.08642662,"DuPage, Illinois, US",2021-07-25,93353
1842090,Illinois,DuPage,84017043,US,USA,840,17043.0,US,41.85116968,-88.08642662,"DuPage, Illinois, US",2021-07-26,93568
1845432,Illinois,DuPage,84017043,US,USA,840,17043.0,US,41.85116968,-88.08642662,"DuPage, Illinois, US",2021-07-27,93641
1848774,Illinois,DuPage,84017043,US,USA,840,17043.0,US,41.85116968,-88.08642662,"DuPage, Illinois, US",2021-07-28,93753
1852116,Illinois,DuPage,84017043,US,USA,840,17043.0,US,41.85116968,-88.08642662,"DuPage, Illinois, US",2021-07-29,93852
1855458,Illinois,DuPage,84017043,US,USA,840,17043.0,US,41.85116968,-88.08642662,"DuPage, Illinois, US",2021-07-30,94007
1858800,Illinois,DuPage,84017043,US,USA,840,17043.0,US,41.85116968,-88.08642662,"DuPage, Illinois, US",2021-07-31,94007
1862142,Illinois,DuPage,84017043,US,USA,840,17043.0,US,41.85116968,-88.08642662,"DuPage, Illinois, US",2021-08-01,94007
1865484,Illinois,DuPage,84017043,US,USA,840,17043.0,US,41.85116968,-88.08642662,"DuPage, Illinois, US",2021-08-02,94295
1868826,Illinois,DuPage,84017043,US,USA,840,17043.0,US,41.85116968,-88.08642662,"DuPage, Illinois, US",2021-08-03,94445
1872168,Illinois,DuPage,84017043,US,USA,840,17043.0,US,41.85116968,-88.08642662,"DuPage, Illinois, US",2021-08-04,94558
1875510,Illinois,DuPage,84017043,US,USA,840,17043.0,US,41.85116968,-88.08642662,"DuPage, Illinois, US",2021-08-05,94782
1878852,Illinois,DuPage,84017043,US,USA,840,17043.0,US,41.85116968,-88.08642662,"DuPage, Illinois, US",2021-08-06,94926
1882194,Illinois,DuPage,84017043,US,USA,840,17043.0,US,41.85116968,-88.08642662,"DuPage, Illinois, US",2021-08-07,94926
1885536,Illinois,DuPage,84017043,US,USA,840,17043.0,US,41.85116968,-88.08642662,"DuPage, Illinois, US",2021-08-08,94926
1888878,Illinois,DuPage,84017043,US,USA,840,17043.0,US,41.85116968,-88.08642662,"DuPage, Illinois, US",2021-08-09,95374
1892220,Illinois,DuPage,84017043,US,USA,840,17043.0,US,41.85116968,-88.08642662,"DuPage, Illinois, US",2021-08-10,95529
1895562,Illinois,DuPage,84017043,US,USA,840,17043.0,US,41.85116968,-88.08642662,"DuPage, Illinois, US",2021-08-11,95750
1898904,Illinois,DuPage,84017043,US,USA,840,17043.0,US,41.85116968,-88.08642662,"DuPage, Illinois, US",2021-08-12,95914
1902246,Illinois,DuPage,84017043,US,USA,840,17043.0,US,41.85116968,-88.08642662,"DuPage, Illinois, US",2021-08-13,96160
1905588,Illinois,DuPage,84017043,US,USA,840,17043.0,US,41.85116968,-88.08642662,"DuPage, Illinois, US",2021-08-14,96160
1908930,Illinois,DuPage,84017043,US,USA,840,17043.0,US,41.85116968,-88.08642662,"DuPage, Illinois, US",2021-08-15,96160
1912272,Illinois,DuPage,84017043,US,USA,840,17043.0,US,41.85116968,-88.08642662,"DuPage, Illinois, US",2021-08-16,96689
1915614,Illinois,DuPage,84017043,US,USA,840,17043.0,US,41.85116968,-88.08642662,"DuPage, Illinois, US",2021-08-17,96851
1918956,Illinois,DuPage,84017043,US,USA,840,17043.0,US,41.85116968,-88.08642662,"DuPage, Illinois, US",2021-08-18,96987
1922298,Illinois,DuPage,84017043,US,USA,840,17043.0,US,41.85116968,-88.08642662,"DuPage, Illinois, US",2021-08-19,97141
1925640,Illinois,DuPage,84017043,US,USA,840,17043.0,US,41.85116968,-88.08642662,"DuPage, Illinois, US",2021-08-20,97397
1928982,Illinois,DuPage,84017043,US,USA,840,17043.0,US,41.85116968,-88.08642662,"DuPage, Illinois, US",2021-08-21,97397
1932324,Illinois,DuPage,84017043,US,USA,840,17043.0,US,41.85116968,-88.08642662,"DuPage, Illinois, US",2021-08-22,97397
1935666,Illinois,DuPage,84017043,US,USA,840,17043.0,US,41.85116968,-88.08642662,"DuPage, Illinois, US",2021-08-23,97864
1939008,Illinois,DuPage,84017043,US,USA,840,17043.0,US,41.85116968,-88.08642662,"DuPage, Illinois, US",2021-08-24,98022
1942350,Illinois,DuPage,84017043,US,USA,840,17043.0,US,41.85116968,-88.08642662,"DuPage, Illinois, US",2021-08-25,98245
1945692,Illinois,DuPage,84017043,US,USA,840,17043.0,US,41.85116968,-88.08642662,"DuPage, Illinois, US",2021-08-26,98462
1949034,Illinois,DuPage,84017043,US,USA,840,17043.0,US,41.85116968,-88.08642662,"DuPage, Illinois, US",2021-08-27,98780
1952376,Illinois,DuPage,84017043,US,USA,840,17043.0,US,41.85116968,-88.08642662,"DuPage, Illinois, US",2021-08-28,98780
1955718,Illinois,DuPage,84017043,US,USA,840,17043.0,US,41.85116968,-88.08642662,"DuPage, Illinois, US",2021-08-29,98780
1959060,Illinois,DuPage,84017043,US,USA,840,17043.0,US,41.85116968,-88.08642662,"DuPage, Illinois, US",2021-08-30,99315
1962402,Illinois,DuPage,84017043,US,USA,840,17043.0,US,41.85116968,-88.08642662,"DuPage, Illinois, US",2021-08-31,99590
1965744,Illinois,DuPage,84017043,US,USA,840,17043.0,US,41.85116968,-88.08642662,"DuPage, Illinois, US",2021-09-01,99854
1969086,Illinois,DuPage,84017043,US,USA,840,17043.0,US,41.85116968,-88.08642662,"DuPage, Illinois, US",2021-09-02,100120
1972428,Illinois,DuPage,84017043,US,USA,840,17043.0,US,41.85116968,-88.08642662,"DuPage, Illinois, US",2021-09-03,100436
1975770,Illinois,DuPage,84017043,US,USA,840,17043.0,US,41.85116968,-88.08642662,"DuPage, Illinois, US",2021-09-04,100436
1979112,Illinois,DuPage,84017043,US,USA,840,17043.0,US,41.85116968,-88.08642662,"DuPage, Illinois, US",2021-09-05,100436
1982454,Illinois,DuPage,84017043,US,USA,840,17043.0,US,41.85116968,-88.08642662,"DuPage, Illinois, US",2021-09-06,100436
1985796,Illinois,DuPage,84017043,US,USA,840,17043.0,US,41.85116968,-88.08642662,"DuPage, Illinois, US",2021-09-07,101096
1989138,Illinois,DuPage,84017043,US,USA,840,17043.0,US,41.85116968,-88.08642662,"DuPage, Illinois, US",2021-09-08,101319
1992480,Illinois,DuPage,84017043,US,USA,840,17043.0,US,41.85116968,-88.08642662,"DuPage, Illinois, US",2021-09-09,101493
1995822,Illinois,DuPage,84017043,US,USA,840,17043.0,US,41.85116968,-88.08642662,"DuPage, Illinois, US",2021-09-10,101781
1999164,Illinois,DuPage,84017043,US,USA,840,17043.0,US,41.85116968,-88.08642662,"DuPage, Illinois, US",2021-09-11,101781
2002506,Illinois,DuPage,84017043,US,USA,840,17043.0,US,41.85116968,-88.08642662,"DuPage, Illinois, US",2021-09-12,101781
2005848,Illinois,DuPage,84017043,US,USA,840,17043.0,US,41.85116968,-88.08642662,"DuPage, Illinois, US",2021-09-13,102230
2009190,Illinois,DuPage,84017043,US,USA,840,17043.0,US,41.85116968,-88.08642662,"DuPage, Illinois, US",2021-09-14,102512
2012532,Illinois,DuPage,84017043,US,USA,840,17043.0,US,41.85116968,-88.08642662,"DuPage, Illinois, US",2021-09-15,102689
2015874,Illinois,DuPage,84017043,US,USA,840,17043.0,US,41.85116968,-88.08642662,"DuPage, Illinois, US",2021-09-16,102939
2019216,Illinois,DuPage,84017043,US,USA,840,17043.0,US,41.85116968,-88.08642662,"DuPage, Illinois, US",2021-09-17,103152
2022558,Illinois,DuPage,84017043,US,USA,840,17043.0,US,41.85116968,-88.08642662,"DuPage, Illinois, US",2021-09-18,103152
2025900,Illinois,DuPage,84017043,US,USA,840,17043.0,US,41.85116968,-88.08642662,"DuPage, Illinois, US",2021-09-19,103152
2029242,Illinois,DuPage,84017043,US,USA,840,17043.0,US,41.85116968,-88.08642662,"DuPage, Illinois, US",2021-09-20,103580
2032584,Illinois,DuPage,84017043,US,USA,840,17043.0,US,41.85116968,-88.08642662,"DuPage, Illinois, US",2021-09-21,103738
2035926,Illinois,DuPage,84017043,US,USA,840,17043.0,US,41.85116968,-88.08642662,"DuPage, Illinois, US",2021-09-22,103917
2039268,Illinois,DuPage,84017043,US,USA,840,17043.0,US,41.85116968,-88.08642662,"DuPage, Illinois, US",2021-09-23,104074
2042610,Illinois,DuPage,84017043,US,USA,840,17043.0,US,41.85116968,-88.08642662,"DuPage, Illinois, US",2021-09-24,104268
2045952,Illinois,DuPage,84017043,US,USA,840,17043.0,US,41.85116968,-88.08642662,"DuPage, Illinois, US",2021-09-25,104268
2049294,Illinois,DuPage,84017043,US,USA,840,17043.0,US,41.85116968,-88.08642662,"DuPage, Illinois, US",2021-09-26,104268
2052636,Illinois,DuPage,84017043,US,USA,840,17043.0,US,41.85116968,-88.08642662,"DuPage, Illinois, US",2021-09-27,104661
2055978,Illinois,DuPage,84017043,US,USA,840,17043.0,US,41.85116968,-88.08642662,"DuPage, Illinois, US",2021-09-28,104762
2059320,Illinois,DuPage,84017043,US,USA,840,17043.0,US,41.85116968,-88.08642662,"DuPage, Illinois, US",2021-09-29,104910
2062662,Illinois,DuPage,84017043,US,USA,840,17043.0,US,41.85116968,-88.08642662,"DuPage, Illinois, US",2021-09-30,105071
2066004,Illinois,DuPage,84017043,US,USA,840,17043.0,US,41.85116968,-88.08642662,"DuPage, Illinois, US",2021-10-01,105273
2069346,Illinois,DuPage,84017043,US,USA,840,17043.0,US,41.85116968,-88.08642662,"DuPage, Illinois, US",2021-10-02,105273
2072688,Illinois,DuPage,84017043,US,USA,840,17043.0,US,41.85116968,-88.08642662,"DuPage, Illinois, US",2021-10-03,105273
2076030,Illinois,DuPage,84017043,US,USA,840,17043.0,US,41.85116968,-88.08642662,"DuPage, Illinois, US",2021-10-04,105694
2079372,Illinois,DuPage,84017043,US,USA,840,17043.0,US,41.85116968,-88.08642662,"DuPage, Illinois, US",2021-10-05,105921
2082714,Illinois,DuPage,84017043,US,USA,840,17043.0,US,41.85116968,-88.08642662,"DuPage, Illinois, US",2021-10-06,106076
2086056,Illinois,DuPage,84017043,US,USA,840,17043.0,US,41.85116968,-88.08642662,"DuPage, Illinois, US",2021-10-07,106259
2089398,Illinois,DuPage,84017043,US,USA,840,17043.0,US,41.85116968,-88.08642662,"DuPage, Illinois, US",2021-10-08,106401
2092740,Illinois,DuPage,84017043,US,USA,840,17043.0,US,41.85116968,-88.08642662,"DuPage, Illinois, US",2021-10-09,106401
2096082,Illinois,DuPage,84017043,US,USA,840,17043.0,US,41.85116968,-88.08642662,"DuPage, Illinois, US",2021-10-10,106401
2099424,Illinois,DuPage,84017043,US,USA,840,17043.0,US,41.85116968,-88.08642662,"DuPage, Illinois, US",2021-10-11,106401
2102766,Illinois,DuPage,84017043,US,USA,840,17043.0,US,41.85116968,-88.08642662,"DuPage, Illinois, US",2021-10-12,106932
2106108,Illinois,DuPage,84017043,US,USA,840,17043.0,US,41.85116968,-88.08642662,"DuPage, Illinois, US",2021-10-13,107150
2109450,Illinois,DuPage,84017043,US,USA,840,17043.0,US,41.85116968,-88.08642662,"DuPage, Illinois, US",2021-10-14,107312
2112792,Illinois,DuPage,84017043,US,USA,840,17043.0,US,41.85116968,-88.08642662,"DuPage, Illinois, US",2021-10-15,107465
