,Date,FIPS,MMWR_week,Recip_County,Recip_State,Series_Complete_Pop_Pct,Series_Complete_Yes,Series_Complete_12Plus,Series_Complete_12PlusPop_Pct,Series_Complete_18Plus,Series_Complete_18PlusPop_Pct,Series_Complete_65Plus,Series_Complete_65PlusPop_Pct,Completeness_pct,Administered_Dose1_Recip,Administered_Dose1_Pop_Pct,Administered_Dose1_Recip_12Plus,Administered_Dose1_Recip_12PlusPop_Pct,Administered_Dose1_Recip_18Plus,Administered_Dose1_Recip_18PlusPop_Pct,Administered_Dose1_Recip_65Plus,Administered_Dose1_Recip_65PlusPop_Pct,SVI_CTGY,Series_Complete_Pop_Pct_SVI,Series_Complete_12PlusPop_Pct_SVI,Series_Complete_18PlusPop_Pct_SVI,Series_Complete_65PlusPop_Pct_SVI,Metro_status,Series_Complete_Pop_Pct_UR_Equity,Series_Complete_12PlusPop_Pct_UR_Equity,Series_Complete_18PlusPop_Pct_UR_Equity,Series_Complete_65PlusPop_Pct_UR_Equity
84828,2021-10-15,17043,41,DuPage County,IL,62.0,572535,570880.0,72.3,525643,73.5,128354,86.1,97.8,712241.0,77.2,709543.0,89.9,650747.0,91.0,155322.0,99.9,A,4.0,4.0,4.0,4.0,Metro,4.0,4.0,4.0,4.0
87657,2021-10-14,17043,41,DuPage County,IL,62.0,572526,570871.0,72.3,525634,73.5,128351,86.1,97.8,712209.0,77.2,709511.0,89.9,650716.0,91.0,155312.0,99.9,A,4.0,4.0,4.0,4.0,Metro,4.0,4.0,4.0,4.0
91138,2021-10-13,17043,41,DuPage County,IL,62.0,572519,570864.0,72.3,525627,73.5,128350,86.1,97.8,712182.0,77.2,709484.0,89.9,650689.0,91.0,155304.0,99.9,A,4.0,4.0,4.0,4.0,Metro,4.0,4.0,4.0,4.0
92311,2021-10-12,17043,41,DuPage County,IL,62.0,572514,570859.0,72.3,525622,73.5,128350,86.1,97.8,712164.0,77.2,709466.0,89.9,650671.0,91.0,155299.0,99.9,A,4.0,4.0,4.0,4.0,Metro,4.0,4.0,4.0,4.0
95836,2021-10-11,17043,41,DuPage County,IL,62.0,572183,570528.0,72.3,525343,73.4,128301,86.1,97.8,711813.0,77.1,709115.0,89.9,650359.0,90.9,155209.0,99.9,A,4.0,4.0,4.0,4.0,Metro,4.0,4.0,4.0,4.0
99423,2021-10-10,17043,41,DuPage County,IL,62.0,571801,570146.0,72.2,525000,73.4,128234,86.1,97.8,711276.0,77.1,708578.0,89.8,649860.0,90.8,155029.0,99.9,A,4.0,4.0,4.0,4.0,Metro,4.0,4.0,4.0,4.0
103682,2021-10-09,17043,40,DuPage County,IL,61.9,571316,569661.0,72.2,524552,73.3,128138,86.0,97.8,710641.0,77.0,707943.0,89.7,649274.0,90.8,154847.0,99.9,A,4.0,4.0,4.0,4.0,Metro,4.0,4.0,4.0,4.0
106190,2021-10-08,17043,40,DuPage County,IL,61.8,570804,569149.0,72.1,524079,73.3,128030,85.9,97.8,709991.0,76.9,707293.0,89.6,648667.0,90.7,154587.0,99.9,A,4.0,4.0,4.0,4.0,Metro,4.0,4.0,4.0,4.0
110297,2021-10-07,17043,40,DuPage County,IL,61.7,569443,567788.0,71.9,522807,73.1,127827,85.8,97.8,708229.0,76.7,705531.0,89.4,646989.0,90.4,154180.0,99.9,A,4.0,4.0,4.0,4.0,Metro,4.0,4.0,4.0,4.0
113988,2021-10-06,17043,40,DuPage County,IL,61.6,568894,567239.0,71.9,522309,73.0,127705,85.7,97.8,707717.0,76.7,705020.0,89.3,646513.0,90.4,154003.0,99.9,A,4.0,4.0,4.0,4.0,Metro,4.0,4.0,4.0,4.0
115020,2021-10-05,17043,40,DuPage County,IL,61.5,567828,566173.0,71.7,521304,72.9,127588,85.6,97.8,706907.0,76.6,704210.0,89.2,645746.0,90.3,153815.0,99.9,A,4.0,4.0,4.0,4.0,Metro,4.0,4.0,4.0,4.0
120452,2021-10-04,17043,40,DuPage County,IL,61.5,567427,565772.0,71.7,520957,72.8,127524,85.6,97.8,706401.0,76.5,703704.0,89.2,645302.0,90.2,153692.0,99.9,A,4.0,4.0,4.0,4.0,Metro,4.0,4.0,4.0,4.0
123566,2021-10-03,17043,40,DuPage County,IL,61.4,566513,564858.0,71.6,520149,72.7,127354,85.5,97.8,705116.0,76.4,702420.0,89.0,644106.0,90.0,153234.0,99.9,A,4.0,4.0,4.0,4.0,Metro,4.0,4.0,4.0,4.0
125856,2021-10-02,17043,39,DuPage County,IL,61.3,565833,564178.0,71.5,519523,72.6,127226,85.4,97.8,704216.0,76.3,701521.0,88.9,643253.0,89.9,152888.0,99.9,A,4.0,4.0,4.0,4.0,Metro,4.0,4.0,4.0,4.0
130667,2021-10-01,17043,39,DuPage County,IL,61.3,565574,563919.0,71.5,519289,72.6,127168,85.3,97.8,703925.0,76.3,701230.0,88.9,642994.0,89.9,152802.0,99.9,A,4.0,4.0,4.0,4.0,Metro,4.0,4.0,4.0,4.0
131439,2021-09-30,17043,39,DuPage County,IL,61.2,565169,563514.0,71.4,518914,72.5,127084,85.3,97.8,703386.0,76.2,700691.0,88.8,642481.0,89.8,152615.0,99.9,A,4.0,4.0,4.0,4.0,Metro,4.0,4.0,4.0,4.0
136910,2021-09-29,17043,39,DuPage County,IL,61.2,564885,563231.0,71.4,518654,72.5,127021,85.3,97.8,703007.0,76.2,700312.0,88.7,642127.0,89.8,152496.0,99.9,A,4.0,4.0,4.0,4.0,Metro,4.0,4.0,4.0,4.0
139526,2021-09-28,17043,39,DuPage County,IL,61.1,564226,562572.0,71.3,518069,72.4,126837,85.1,97.8,702252.0,76.1,699557.0,88.6,641446.0,89.7,152229.0,99.9,A,4.0,4.0,4.0,4.0,Metro,4.0,4.0,4.0,4.0
143841,2021-09-27,17043,39,DuPage County,IL,61.1,563638,561984.0,71.2,517568,72.4,126692,85.0,97.8,701654.0,76.0,698959.0,88.6,640903.0,89.6,152021.0,99.9,A,4.0,4.0,4.0,4.0,Metro,4.0,4.0,4.0,4.0
145274,2021-09-26,17043,39,DuPage County,IL,61.0,563118,561464.0,71.1,517108,72.3,126638,85.0,97.8,701081.0,76.0,698386.0,88.5,640400.0,89.5,151889.0,99.9,A,4.0,4.0,4.0,4.0,Metro,4.0,4.0,4.0,4.0
149193,2021-09-25,17043,38,DuPage County,IL,60.9,562497,560843.0,71.1,516556,72.2,126565,84.9,97.8,700436.0,75.9,697741.0,88.4,639810.0,89.4,151775.0,99.9,A,4.0,4.0,4.0,4.0,Metro,4.0,4.0,4.0,4.0
152335,2021-09-24,17043,38,DuPage County,IL,60.9,561793,560139.0,71.0,515939,72.1,126509,84.9,97.8,699850.0,75.8,697155.0,88.3,639269.0,89.4,151684.0,99.9,A,4.0,4.0,4.0,4.0,Metro,4.0,4.0,4.0,4.0
157424,2021-09-23,17043,38,DuPage County,IL,60.8,561406,559752.0,70.9,515583,72.1,126463,84.9,97.8,699480.0,75.8,696785.0,88.3,638924.0,89.3,151612.0,99.9,A,4.0,4.0,4.0,4.0,Metro,4.0,4.0,4.0,4.0
159068,2021-09-22,17043,38,DuPage County,IL,60.8,560694,559040.0,70.8,514958,72.0,126389,84.8,97.8,698854.0,75.7,696160.0,88.2,638353.0,89.2,151522.0,99.9,A,4.0,4.0,4.0,4.0,Metro,4.0,4.0,4.0,4.0
162234,2021-09-21,17043,38,DuPage County,IL,60.7,560364,558710.0,70.8,514667,71.9,126369,84.8,97.8,698567.0,75.7,695873.0,88.2,638098.0,89.2,151491.0,99.9,A,4.0,4.0,4.0,4.0,Metro,4.0,4.0,4.0,4.0
164949,2021-09-20,17043,38,DuPage County,IL,60.7,560357,558703.0,70.8,514660,71.9,126369,84.8,97.8,698560.0,75.7,695866.0,88.2,638091.0,89.2,151491.0,99.9,A,4.0,4.0,4.0,4.0,Metro,4.0,4.0,4.0,4.0
168084,2021-09-19,17043,38,DuPage County,IL,60.6,559739,558085.0,70.7,514182,71.9,126330,84.8,97.8,698048.0,75.6,695354.0,88.1,637664.0,89.1,151449.0,99.9,A,4.0,4.0,4.0,4.0,Metro,4.0,4.0,4.0,4.0
171062,2021-09-18,17043,37,DuPage County,IL,60.6,559053,557399.0,70.6,513602,71.8,126285,84.8,97.8,697474.0,75.6,694780.0,88.0,637156.0,89.1,151391.0,99.9,A,4.0,4.0,4.0,4.0,Metro,4.0,4.0,4.0,4.0
176464,2021-09-17,17043,37,DuPage County,IL,60.5,558508,556854.0,70.6,513115,71.7,126224,84.7,97.8,696938.0,75.5,694244.0,88.0,636672.0,89.0,151323.0,99.9,A,4.0,4.0,4.0,4.0,Metro,4.0,4.0,4.0,4.0
179997,2021-09-16,17043,37,DuPage County,IL,60.5,557920,556266.0,70.5,512597,71.7,126165,84.7,97.8,696302.0,75.4,693608.0,87.9,636123.0,88.9,151257.0,99.9,A,4.0,4.0,4.0,4.0,Metro,4.0,4.0,4.0,4.0
180863,2021-09-15,17043,37,DuPage County,IL,60.3,556962,555308.0,70.4,511695,71.5,126088,84.6,97.8,695280.0,75.3,692586.0,87.8,635142.0,88.8,151158.0,99.9,A,4.0,4.0,4.0,4.0,Metro,4.0,4.0,4.0,4.0
186125,2021-09-14,17043,37,DuPage County,IL,60.3,556138,554484.0,70.3,510992,71.4,126023,84.6,97.8,694490.0,75.2,691796.0,87.7,634438.0,88.7,151092.0,99.9,A,4.0,4.0,4.0,4.0,Metro,4.0,4.0,4.0,4.0
187956,2021-09-13,17043,37,DuPage County,IL,60.2,555743,554089.0,70.2,510673,71.4,125987,84.6,97.8,694088.0,75.2,691394.0,87.6,634083.0,88.6,151045.0,99.9,A,4.0,4.0,4.0,4.0,Metro,4.0,4.0,4.0,4.0
191691,2021-09-12,17043,37,DuPage County,IL,60.1,554508,552854.0,70.1,509723,71.3,125906,84.5,97.8,692933.0,75.1,690239.0,87.5,633112.0,88.5,150945.0,99.9,A,4.0,4.0,4.0,4.0,Metro,4.0,4.0,4.0,4.0
194089,2021-09-11,17043,36,DuPage County,IL,60.0,553928,552274.0,70.0,509235,71.2,125836,84.5,97.8,692296.0,75.0,689602.0,87.4,632534.0,88.4,150876.0,99.9,A,4.0,4.0,4.0,4.0,Metro,4.0,4.0,4.0,4.0
198973,2021-09-10,17043,36,DuPage County,IL,60.0,553918,552264.0,70.0,509226,71.2,125836,84.5,97.8,692284.0,75.0,689590.0,87.4,632522.0,88.4,150876.0,99.9,A,4.0,4.0,4.0,4.0,Metro,4.0,4.0,4.0,4.0
200788,2021-09-09,17043,36,DuPage County,IL,59.9,553187,551534.0,69.9,508636,71.1,125763,84.4,97.8,691562.0,74.9,688869.0,87.3,631875.0,88.3,150780.0,99.9,A,4.0,4.0,4.0,4.0,Metro,4.0,4.0,4.0,4.0
204980,2021-09-08,17043,36,DuPage County,IL,59.8,552212,550559.0,69.8,507858,71.0,125685,84.4,97.8,690658.0,74.8,687965.0,87.2,631071.0,88.2,150684.0,99.9,A,4.0,4.0,4.0,4.0,Metro,4.0,4.0,4.0,4.0
207843,2021-09-07,17043,36,DuPage County,IL,59.8,552200,550547.0,69.8,507846,71.0,125685,84.4,97.8,690637.0,74.8,687944.0,87.2,631051.0,88.2,150683.0,99.9,A,4.0,4.0,4.0,4.0,Metro,4.0,4.0,4.0,4.0
211471,2021-09-06,17043,36,DuPage County,IL,59.8,551890,550237.0,69.7,507623,71.0,125671,84.3,97.8,690280.0,74.8,687587.0,87.1,630751.0,88.2,150652.0,99.9,A,4.0,4.0,4.0,4.0,Metro,4.0,4.0,4.0,4.0
213777,2021-09-05,17043,36,DuPage County,IL,59.7,550625,548972.0,69.6,506689,70.8,125594,84.3,97.8,688826.0,74.6,686133.0,86.9,629536.0,88.0,150547.0,99.9,A,4.0,4.0,4.0,4.0,Metro,4.0,4.0,4.0,4.0
217637,2021-09-04,17043,35,DuPage County,IL,59.7,550620,548967.0,69.6,506685,70.8,125593,84.3,97.8,688818.0,74.6,686125.0,86.9,629528.0,88.0,150545.0,99.9,A,4.0,4.0,4.0,4.0,Metro,4.0,4.0,4.0,4.0
222663,2021-09-03,17043,35,DuPage County,IL,59.6,549941,548288.0,69.5,506126,70.8,125516,84.2,97.8,687996.0,74.5,685303.0,86.8,628789.0,87.9,150458.0,99.9,A,4.0,4.0,4.0,4.0,Metro,4.0,4.0,4.0,4.0
224537,2021-09-02,17043,35,DuPage County,IL,59.5,549221,547568.0,69.4,505511,70.7,125441,84.2,97.8,687174.0,74.5,684481.0,86.7,628046.0,87.8,150360.0,99.9,A,4.0,4.0,4.0,4.0,Metro,4.0,4.0,4.0,4.0
227037,2021-09-01,17043,35,DuPage County,IL,59.4,548489,546836.0,69.3,504899,70.6,125354,84.1,97.8,686407.0,74.4,683715.0,86.6,627345.0,87.7,150255.0,99.9,A,4.0,4.0,4.0,4.0,Metro,4.0,4.0,4.0,4.0
231792,2021-08-31,17043,35,DuPage County,IL,59.3,547670,546017.0,69.2,504221,70.5,125260,84.1,97.8,685545.0,74.3,682853.0,86.5,626572.0,87.6,150134.0,99.9,A,4.0,4.0,4.0,4.0,Metro,4.0,4.0,4.0,4.0
235065,2021-08-30,17043,35,DuPage County,IL,59.3,547065,545412.0,69.1,503739,70.4,125214,84.0,97.8,684920.0,74.2,682228.0,86.5,626049.0,87.5,150083.0,99.9,A,4.0,4.0,4.0,4.0,Metro,4.0,4.0,4.0,4.0
236587,2021-08-29,17043,35,DuPage County,IL,59.1,545142,543490.0,68.9,502240,70.2,125093,84.0,97.8,682635.0,74.0,679943.0,86.2,624144.0,87.3,149921.0,99.9,A,4.0,4.0,4.0,4.0,Metro,4.0,4.0,4.0,4.0
241869,2021-08-28,17043,34,DuPage County,IL,59.1,545129,543477.0,68.9,502230,70.2,125093,84.0,97.8,682621.0,74.0,679929.0,86.2,624130.0,87.2,149921.0,99.9,A,4.0,4.0,4.0,4.0,Metro,4.0,4.0,4.0,4.0
244828,2021-08-27,17043,34,DuPage County,IL,59.0,544371,542719.0,68.8,501621,70.1,125017,83.9,97.8,681543.0,73.8,678851.0,86.0,623174.0,87.1,149796.0,99.9,A,4.0,4.0,4.0,4.0,Metro,4.0,4.0,4.0,4.0
246638,2021-08-26,17043,34,DuPage County,IL,58.9,543642,541990.0,68.7,501029,70.0,124954,83.9,97.8,680474.0,73.7,677783.0,85.9,622200.0,87.0,149700.0,99.9,A,4.0,4.0,4.0,4.0,Metro,4.0,4.0,4.0,4.0
250345,2021-08-25,17043,34,DuPage County,IL,58.8,542896,541245.0,68.6,500432,70.0,124883,83.8,97.8,679731.0,73.6,677041.0,85.8,621542.0,86.9,149617.0,99.9,A,4.0,4.0,4.0,4.0,Metro,4.0,4.0,4.0,4.0
254370,2021-08-24,17043,34,DuPage County,IL,58.7,542007,540356.0,68.5,499706,69.9,124787,83.8,97.8,678872.0,73.6,676182.0,85.7,620785.0,86.8,149525.0,99.9,A,4.0,4.0,4.0,4.0,Metro,4.0,4.0,4.0,4.0
256261,2021-08-23,17043,34,DuPage County,IL,58.7,541420,539769.0,68.4,499239,69.8,124742,83.7,97.8,678339.0,73.5,675649.0,85.6,620333.0,86.7,149477.0,99.9,A,4.0,4.0,4.0,4.0,Metro,4.0,4.0,4.0,4.0
262215,2021-08-22,17043,34,DuPage County,IL,58.6,540756,539105.0,68.3,498746,69.7,124705,83.7,97.8,677689.0,73.4,674999.0,85.5,619828.0,86.6,149421.0,99.9,A,4.0,4.0,4.0,4.0,Metro,4.0,4.0,4.0,4.0
265568,2021-08-21,17043,33,DuPage County,IL,58.4,539107,537456.0,68.1,497453,69.5,124532,83.6,97.8,676080.0,73.3,673390.0,85.3,618479.0,86.5,149234.0,99.9,A,4.0,4.0,4.0,4.0,Metro,4.0,4.0,4.0,4.0
267273,2021-08-20,17043,33,DuPage County,IL,58.4,539099,537448.0,68.1,497447,69.5,124532,83.6,97.8,676060.0,73.3,673370.0,85.3,618461.0,86.5,149231.0,99.9,A,4.0,4.0,4.0,4.0,Metro,4.0,4.0,4.0,4.0
269538,2021-08-19,17043,33,DuPage County,IL,58.3,538379,536728.0,68.0,496870,69.5,124437,83.5,97.8,675299.0,73.2,672609.0,85.2,617829.0,86.4,149134.0,99.9,A,4.0,4.0,4.0,4.0,Metro,4.0,4.0,4.0,4.0
275524,2021-08-18,17043,33,DuPage County,IL,58.3,537604,535953.0,67.9,496294,69.4,124367,83.5,97.8,674433.0,73.1,671744.0,85.1,617115.0,86.3,149026.0,100.0,A,4.0,4.0,4.0,4.0,Metro,4.0,4.0,4.0,4.0
276399,2021-08-17,17043,33,DuPage County,IL,58.2,536695,535046.0,67.8,495608,69.3,124292,83.4,97.8,673479.0,73.0,670792.0,85.0,616392.0,86.2,148921.0,99.9,A,4.0,4.0,4.0,4.0,Metro,4.0,4.0,4.0,4.0
280408,2021-08-16,17043,33,DuPage County,IL,58.1,536136,534487.0,67.7,495205,69.2,124244,83.4,97.8,672873.0,72.9,670186.0,84.9,615920.0,86.1,148870.0,99.9,A,4.0,4.0,4.0,4.0,Metro,4.0,4.0,4.0,4.0
282601,2021-08-15,17043,33,DuPage County,IL,58.0,535401,533752.0,67.6,494645,69.1,124198,83.4,97.8,671926.0,72.8,669239.0,84.8,615132.0,86.0,148782.0,99.9,A,4.0,4.0,4.0,4.0,Metro,4.0,4.0,4.0,4.0
288640,2021-08-14,17043,32,DuPage County,IL,57.8,533247,531598.0,67.4,492984,68.9,124047,83.3,97.8,669226.0,72.5,666540.0,84.5,612885.0,85.7,148552.0,99.7,A,4.0,4.0,4.0,4.0,Metro,4.0,4.0,4.0,4.0
290801,2021-08-13,17043,32,DuPage County,IL,57.8,533242,531593.0,67.4,492979,68.9,124047,83.3,97.8,669211.0,72.5,666525.0,84.5,612873.0,85.7,148552.0,99.7,A,4.0,4.0,4.0,4.0,Metro,4.0,4.0,4.0,4.0
293184,2021-08-12,17043,32,DuPage County,IL,57.7,532363,530715.0,67.3,492300,68.8,123973,83.2,97.8,667977.0,72.4,665291.0,84.3,611830.0,85.5,148398.0,99.6,A,4.0,4.0,4.0,4.0,Metro,4.0,4.0,4.0,4.0
295645,2021-08-11,17043,32,DuPage County,IL,57.6,531483,529835.0,67.1,491610,68.7,123880,83.1,97.8,666598.0,72.2,663912.0,84.1,610659.0,85.4,148210.0,99.5,A,4.0,4.0,4.0,4.0,Metro,4.0,4.0,4.0,4.0
301921,2021-08-10,17043,32,DuPage County,IL,57.5,530910,529263.0,67.1,491139,68.7,123758,83.1,97.8,665933.0,72.2,663249.0,84.0,610115.0,85.3,148125.0,99.4,A,4.0,4.0,4.0,4.0,Metro,4.0,4.0,4.0,4.0
302030,2021-08-09,17043,32,DuPage County,IL,57.5,530415,528768.0,67.0,490764,68.6,123719,83.0,97.8,665321.0,72.1,662638.0,84.0,609629.0,85.2,148083.0,99.4,A,4.0,4.0,4.0,4.0,Metro,4.0,4.0,4.0,4.0
305952,2021-08-08,17043,32,DuPage County,IL,57.4,529915,528269.0,66.9,490385,68.6,123678,83.0,97.8,664508.0,72.0,661826.0,83.9,609044.0,85.1,148034.0,99.4,A,4.0,4.0,4.0,4.0,Metro,4.0,4.0,4.0,4.0
309154,2021-08-07,17043,31,DuPage County,IL,57.3,529214,527568.0,66.9,489838,68.5,123638,83.0,97.8,663093.0,71.8,660411.0,83.7,607877.0,85.0,147854.0,99.2,A,4.0,4.0,4.0,4.0,Metro,4.0,4.0,4.0,4.0
312330,2021-08-06,17043,31,DuPage County,IL,57.3,528485,526839.0,66.8,489282,68.4,123569,82.9,97.8,661989.0,71.7,659307.0,83.5,606998.0,84.9,147749.0,99.2,A,4.0,4.0,4.0,4.0,Metro,4.0,4.0,4.0,4.0
317357,2021-08-05,17043,31,DuPage County,IL,57.2,527810,526164.0,66.7,488756,68.3,123502,82.9,97.8,660848.0,71.6,658166.0,83.4,606100.0,84.7,147661.0,99.1,A,4.0,4.0,4.0,4.0,Metro,4.0,4.0,4.0,4.0
321022,2021-08-04,17043,31,DuPage County,IL,57.1,527160,525515.0,66.6,488307,68.3,123443,82.8,97.8,659804.0,71.5,657124.0,83.3,605276.0,84.6,147576.0,99.0,A,4.0,4.0,4.0,4.0,Metro,4.0,4.0,4.0,4.0
323627,2021-08-03,17043,31,DuPage County,IL,57.0,526415,524772.0,66.5,487747,68.2,123369,82.8,97.8,658670.0,71.4,655991.0,83.1,604386.0,84.5,147481.0,99.0,A,4.0,4.0,4.0,4.0,Metro,4.0,4.0,4.0,4.0
325042,2021-08-02,17043,31,DuPage County,IL,57.0,525753,524110.0,66.4,487218,68.1,123321,82.8,97.8,657681.0,71.3,655002.0,83.0,603574.0,84.4,147426.0,98.9,A,4.0,4.0,4.0,4.0,Metro,4.0,4.0,4.0,4.0
330206,2021-08-01,17043,31,DuPage County,IL,56.9,525269,523626.0,66.4,486857,68.1,123294,82.7,97.8,656954.0,71.2,654275.0,82.9,602995.0,84.3,147378.0,98.9,A,4.0,4.0,4.0,4.0,Metro,4.0,4.0,4.0,4.0
332999,2021-07-31,17043,30,DuPage County,IL,56.8,523855,522214.0,66.2,485743,67.9,123165,82.7,97.8,654345.0,70.9,651668.0,82.6,600888.0,84.0,147131.0,98.7,A,4.0,4.0,4.0,4.0,Metro,4.0,4.0,4.0,4.0
336754,2021-07-30,17043,30,DuPage County,IL,56.8,523848,522207.0,66.2,485737,67.9,123165,82.7,97.8,654330.0,70.9,651653.0,82.6,600874.0,84.0,147131.0,98.7,A,4.0,4.0,4.0,4.0,Metro,4.0,4.0,4.0,4.0
341034,2021-07-29,17043,30,DuPage County,IL,56.7,523187,521546.0,66.1,485205,67.8,123085,82.6,97.8,653357.0,70.8,650680.0,82.5,600113.0,83.9,147040.0,98.7,A,4.0,4.0,4.0,4.0,Metro,4.0,4.0,4.0,4.0
343495,2021-07-28,17043,30,DuPage County,IL,56.5,521852,520212.0,65.9,484169,67.7,122964,82.5,97.8,651061.0,70.5,648388.0,82.2,598419.0,83.7,146889.0,98.6,A,4.0,4.0,4.0,4.0,Metro,4.0,4.0,4.0,4.0
345914,2021-07-27,17043,30,DuPage County,IL,56.5,521052,519413.0,65.8,483533,67.6,122880,82.5,97.8,649856.0,70.4,647186.0,82.0,597495.0,83.5,146795.0,98.5,A,4.0,4.0,4.0,4.0,Metro,4.0,4.0,4.0,4.0
347929,2021-07-26,17043,30,DuPage County,IL,56.4,520764,519125.0,65.8,483291,67.6,122850,82.5,97.8,649220.0,70.3,646550.0,81.9,596992.0,83.5,146736.0,98.5,A,4.0,4.0,4.0,4.0,Metro,4.0,4.0,4.0,4.0
352154,2021-07-25,17043,30,DuPage County,IL,56.3,520062,518423.0,65.7,482719,67.5,122790,82.4,97.8,648115.0,70.2,645446.0,81.8,596142.0,83.3,146653.0,98.4,A,4.0,4.0,4.0,4.0,Metro,4.0,4.0,4.0,4.0
356616,2021-07-24,17043,29,DuPage County,IL,56.3,519468,517829.0,65.6,482231,67.4,122705,82.4,97.8,647215.0,70.1,644546.0,81.7,595459.0,83.2,146549.0,98.4,A,4.0,4.0,4.0,4.0,Metro,4.0,4.0,4.0,4.0
358904,2021-07-23,17043,29,DuPage County,IL,56.3,519454,517815.0,65.6,482218,67.4,122704,82.4,97.8,647199.0,70.1,644530.0,81.7,595444.0,83.2,146549.0,98.4,A,4.0,4.0,4.0,4.0,Metro,4.0,4.0,4.0,4.0
363337,2021-07-22,17043,29,DuPage County,IL,56.2,518940,517301.0,65.6,481790,67.4,122632,82.3,97.8,646424.0,70.0,643755.0,81.6,594829.0,83.2,146445.0,98.3,A,4.0,4.0,4.0,4.0,Metro,4.0,4.0,4.0,4.0
364323,2021-07-21,17043,29,DuPage County,IL,56.1,518217,516580.0,65.5,481223,67.3,122560,82.3,97.8,645396.0,69.9,642729.0,81.4,594041.0,83.0,146342.0,98.2,A,4.0,4.0,4.0,4.0,Metro,4.0,4.0,4.0,4.0
370003,2021-07-20,17043,29,DuPage County,IL,56.1,517357,515720.0,65.4,480545,67.2,122477,82.2,97.7,644343.0,69.8,641677.0,81.3,593261.0,82.9,146260.0,98.2,A,4.0,4.0,4.0,4.0,Metro,4.0,4.0,4.0,4.0
370932,2021-07-19,17043,29,DuPage County,IL,56.0,516798,515161.0,65.3,480104,67.1,122433,82.2,97.7,643683.0,69.7,641019.0,81.2,592780.0,82.9,146214.0,98.1,A,4.0,4.0,4.0,4.0,Metro,4.0,4.0,4.0,4.0
375492,2021-07-18,17043,29,DuPage County,IL,55.9,515587,513950.0,65.1,479174,67.0,122366,82.1,97.7,642345.0,69.6,639681.0,81.1,591750.0,82.7,146122.0,98.1,A,4.0,4.0,4.0,4.0,Metro,4.0,4.0,4.0,4.0
380527,2021-07-17,17043,28,DuPage County,IL,55.9,515585,513948.0,65.1,479172,67.0,122366,82.1,97.7,642338.0,69.6,639674.0,81.1,591744.0,82.7,146122.0,98.1,A,4.0,4.0,4.0,4.0,Metro,4.0,4.0,4.0,4.0
381681,2021-07-16,17043,28,DuPage County,IL,55.8,514898,513261.0,65.0,478671,66.9,122298,82.1,97.7,641570.0,69.5,638906.0,81.0,591167.0,82.6,146045.0,98.0,A,4.0,4.0,4.0,4.0,Metro,4.0,4.0,4.0,4.0
384085,2021-07-15,17043,28,DuPage County,IL,55.7,514171,512535.0,64.9,478127,66.8,122240,82.0,97.7,640705.0,69.4,638041.0,80.9,590489.0,82.5,145955.0,98.0,A,4.0,4.0,4.0,4.0,Metro,4.0,4.0,4.0,4.0
390404,2021-07-14,17043,28,DuPage County,IL,55.6,513555,511919.0,64.9,477663,66.8,122166,82.0,97.7,639948.0,69.3,637284.0,80.8,589994.0,82.5,145882.0,97.9,A,4.0,4.0,4.0,4.0,Metro,4.0,4.0,4.0,4.0
393845,2021-07-13,17043,28,DuPage County,IL,55.6,512742,511106.0,64.8,477022,66.7,122047,81.9,97.7,638993.0,69.2,636329.0,80.6,589267.0,82.4,145776.0,97.8,A,4.0,4.0,4.0,4.0,Metro,4.0,4.0,4.0,4.0
394917,2021-07-12,17043,28,DuPage County,IL,55.5,511823,510187.0,64.7,476346,66.6,121990,81.9,97.7,638129.0,69.1,635466.0,80.5,588617.0,82.3,145736.0,97.8,A,4.0,4.0,4.0,4.0,Metro,4.0,4.0,4.0,4.0
397759,2021-07-11,17043,28,DuPage County,IL,55.3,510438,508802.0,64.5,475251,66.4,121887,81.8,97.7,636701.0,69.0,634040.0,80.3,587524.0,82.1,145654.0,97.8,A,4.0,4.0,4.0,4.0,Metro,4.0,4.0,4.0,4.0
401619,2021-07-10,17043,27,DuPage County,IL,55.2,509532,507896.0,64.4,474514,66.3,121787,81.7,97.7,635876.0,68.9,633217.0,80.2,586874.0,82.0,145552.0,97.7,A,4.0,4.0,4.0,4.0,Metro,4.0,4.0,4.0,4.0
406132,2021-07-09,17043,27,DuPage County,IL,55.1,508557,506924.0,64.2,473794,66.2,121699,81.7,97.7,634959.0,68.8,632300.0,80.1,586141.0,81.9,145459.0,97.6,A,4.0,4.0,4.0,4.0,Metro,4.0,4.0,4.0,4.0
407002,2021-07-08,17043,27,DuPage County,IL,55.1,508546,506913.0,64.2,473784,66.2,121699,81.7,97.7,634948.0,68.8,632289.0,80.1,586131.0,81.9,145458.0,97.6,A,4.0,4.0,4.0,4.0,Metro,4.0,4.0,4.0,4.0
411742,2021-07-07,17043,27,DuPage County,IL,55.0,507449,505817.0,64.1,472996,66.1,121590,81.6,97.7,634121.0,68.7,631463.0,80.0,585465.0,81.8,145376.0,97.6,A,4.0,4.0,4.0,4.0,Metro,4.0,4.0,4.0,4.0
414472,2021-07-06,17043,27,DuPage County,IL,54.9,506915,505283.0,64.0,472612,66.1,121541,81.6,97.7,633692.0,68.7,631034.0,80.0,585117.0,81.8,145329.0,97.5,A,4.0,4.0,4.0,4.0,Metro,4.0,4.0,4.0,4.0
416894,2021-07-05,17043,27,DuPage County,IL,54.9,506382,504750.0,64.0,472176,66.0,121494,81.5,97.7,633140.0,68.6,630482.0,79.9,584652.0,81.7,145265.0,97.5,A,4.0,4.0,4.0,4.0,Metro,4.0,4.0,4.0,4.0
421463,2021-07-04,17043,27,DuPage County,IL,54.9,506374,504742.0,64.0,472168,66.0,121494,81.5,97.7,633133.0,68.6,630475.0,79.9,584646.0,81.7,145265.0,97.5,A,4.0,4.0,4.0,4.0,Metro,4.0,4.0,4.0,4.0
426092,2021-07-03,17043,26,DuPage County,IL,54.7,504599,502971.0,63.7,470844,65.8,121340,81.4,97.7,631431.0,68.4,628776.0,79.7,583327.0,81.5,145120.0,97.4,A,4.0,4.0,4.0,4.0,Metro,4.0,4.0,4.0,4.0
427554,2021-07-02,17043,26,DuPage County,IL,54.7,504549,502921.0,63.7,470796,65.8,121340,81.4,97.7,631345.0,68.4,628690.0,79.7,583246.0,81.5,145117.0,97.4,A,4.0,4.0,4.0,4.0,Metro,4.0,4.0,4.0,4.0
432644,2021-07-01,17043,26,DuPage County,IL,54.6,503669,502061.0,63.6,470128,65.7,121234,81.4,97.7,630394.0,68.3,627758.0,79.5,582516.0,81.4,145017.0,97.3,A,4.0,4.0,4.0,4.0,Metro,4.0,4.0,4.0,4.0
435150,2021-06-30,17043,26,DuPage County,IL,54.5,502714,501130.0,63.5,469407,65.6,121143,81.3,97.7,629484.0,68.2,626863.0,79.4,581791.0,81.3,144925.0,97.3,A,4.0,4.0,4.0,4.0,Metro,4.0,4.0,4.0,4.0
438368,2021-06-29,17043,26,DuPage County,IL,54.4,501625,500068.0,63.4,468615,65.5,121055,81.2,97.7,628398.0,68.1,625800.0,79.3,580939.0,81.2,144839.0,97.2,A,4.0,4.0,4.0,4.0,Metro,4.0,4.0,4.0,4.0
442534,2021-06-28,17043,26,DuPage County,IL,54.3,500760,499227.0,63.3,468044,65.4,121012,81.2,97.7,627439.0,68.0,624881.0,79.2,580293.0,81.1,144727.0,97.1,A,4.0,4.0,4.0,4.0,Metro,4.0,4.0,4.0,4.0
445868,2021-06-27,17043,26,DuPage County,IL,53.7,495571,494101.0,62.6,463522,64.8,120768,81.1,97.7,622890.0,67.5,620402.0,78.6,576592.0,80.6,144514.0,97.0,A,4.0,4.0,4.0,4.0,Metro,4.0,4.0,4.0,4.0
448454,2021-06-26,17043,25,DuPage County,IL,53.2,491369,489938.0,62.1,459783,64.3,120488,80.9,97.7,619073.0,67.1,616625.0,78.1,573193.0,80.1,144306.0,96.9,A,4.0,4.0,4.0,4.0,Metro,4.0,4.0,4.0,4.0
449718,2021-06-25,17043,25,DuPage County,IL,53.2,491341,489910.0,62.1,459755,64.3,120487,80.9,97.7,619050.0,67.1,616602.0,78.1,573170.0,80.1,144305.0,96.9,A,4.0,4.0,4.0,4.0,Metro,4.0,4.0,4.0,4.0
454384,2021-06-24,17043,25,DuPage County,IL,53.1,489800,488414.0,61.9,458701,64.1,120386,80.8,97.7,617384.0,66.9,614990.0,77.9,572095.0,80.0,144201.0,96.8,A,4.0,4.0,4.0,4.0,Metro,4.0,4.0,4.0,4.0
458156,2021-06-23,17043,25,DuPage County,IL,52.9,488535,487174.0,61.7,457791,64.0,120298,80.7,97.7,616305.0,66.8,613946.0,77.8,571369.0,79.9,144131.0,96.7,A,4.0,4.0,4.0,4.0,Metro,4.0,4.0,4.0,4.0
460764,2021-06-22,17043,25,DuPage County,IL,52.8,487483,486150.0,61.6,457042,63.9,120203,80.7,97.7,615279.0,66.7,612948.0,77.7,570617.0,79.8,144044.0,96.7,A,4.0,4.0,4.0,4.0,Metro,4.0,4.0,4.0,4.0
462994,2021-06-21,17043,25,DuPage County,IL,52.7,486537,485235.0,61.5,456415,63.8,120143,80.6,97.7,614531.0,66.6,612224.0,77.6,570064.0,79.7,144002.0,96.6,A,4.0,4.0,4.0,4.0,Metro,4.0,4.0,4.0,4.0
467536,2021-06-20,17043,25,DuPage County,IL,52.6,485173,483908.0,61.3,455625,63.7,120092,80.6,97.7,613689.0,66.5,611409.0,77.5,569476.0,79.6,143969.0,96.6,A,4.0,4.0,4.0,4.0,Metro,4.0,4.0,4.0,4.0
469501,2021-06-19,17043,24,DuPage County,IL,52.3,482975,481773.0,61.0,454148,63.5,119993,80.5,97.7,612092.0,66.3,609858.0,77.3,568307.0,79.4,143883.0,96.6,A,4.0,4.0,4.0,4.0,Metro,4.0,4.0,4.0,4.0
475887,2021-06-18,17043,24,DuPage County,IL,52.2,481483,480342.0,60.9,453412,63.4,119893,80.5,97.7,611219.0,66.2,609016.0,77.2,567674.0,79.4,143784.0,96.5,A,4.0,4.0,4.0,4.0,Metro,4.0,4.0,4.0,4.0
479000,2021-06-17,17043,24,DuPage County,IL,51.9,479014,477938.0,60.6,451899,63.2,119749,80.4,97.7,609560.0,66.0,607415.0,77.0,566530.0,79.2,143664.0,96.4,A,4.0,4.0,4.0,4.0,Metro,4.0,4.0,4.0,4.0
480411,2021-06-16,17043,24,DuPage County,IL,51.7,477080,476062.0,60.3,450710,63.0,119625,80.3,97.7,608264.0,65.9,606162.0,76.8,565664.0,79.1,143563.0,96.4,A,4.0,4.0,4.0,4.0,Metro,4.0,4.0,4.0,4.0
484760,2021-06-15,17043,24,DuPage County,IL,50.7,467577,466874.0,59.2,445912,62.3,119176,80.0,97.7,603106.0,65.3,601202.0,76.2,562537.0,78.6,143289.0,96.2,A,4.0,4.0,4.0,4.0,Metro,4.0,4.0,4.0,4.0
485987,2021-06-14,17043,24,DuPage County,IL,50.7,467571,466868.0,59.2,445907,62.3,119176,80.0,97.7,603098.0,65.3,601194.0,76.2,562531.0,78.6,143288.0,96.2,A,4.0,4.0,4.0,4.0,Metro,4.0,4.0,4.0,4.0
490613,2021-06-13,17043,24,DuPage County,IL,50.5,466287,465635.0,59.0,445213,62.2,119137,80.0,97.7,602431.0,65.3,600545.0,76.1,562070.0,78.6,143251.0,96.1,A,4.0,4.0,4.0,4.0,Metro,4.0,4.0,4.0,4.0
495308,2021-06-12,17043,23,DuPage County,IL,50.2,463117,462546.0,58.6,443139,61.9,118910,79.8,97.6,600191.0,65.0,598390.0,75.8,560658.0,78.4,143106.0,96.0,A,4.0,4.0,4.0,4.0,Metro,4.0,4.0,4.0,4.0
497312,2021-06-11,17043,23,DuPage County,IL,50.2,463101,462530.0,58.6,443124,61.9,118910,79.8,97.7,600181.0,65.0,598380.0,75.8,560649.0,78.4,143106.0,96.0,A,4.0,4.0,4.0,4.0,Metro,4.0,4.0,4.0,4.0
500490,2021-06-10,17043,23,DuPage County,IL,50.0,461101,460592.0,58.4,441817,61.8,118768,79.7,97.7,598925.0,64.9,597151.0,75.7,559686.0,78.2,143004.0,96.0,A,4.0,4.0,4.0,4.0,Metro,4.0,4.0,4.0,4.0
503044,2021-06-09,17043,23,DuPage County,IL,49.6,457803,457372.0,58.0,439622,61.5,118556,79.6,97.6,596842.0,64.7,595122.0,75.4,558191.0,78.0,142868.0,95.9,A,3.0,4.0,4.0,4.0,Metro,3.0,4.0,4.0,4.0
508025,2021-06-08,17043,23,DuPage County,IL,49.3,455306,454951.0,57.7,438159,61.3,118433,79.5,97.6,595211.0,64.5,593526.0,75.2,557018.0,77.9,142755.0,95.8,A,3.0,4.0,4.0,4.0,Metro,3.0,4.0,4.0,4.0
509692,2021-06-07,17043,23,DuPage County,IL,49.1,453086,452821.0,57.4,437152,61.1,118347,79.4,97.6,593941.0,64.4,592293.0,75.1,556212.0,77.8,142695.0,95.8,A,3.0,4.0,4.0,4.0,Metro,3.0,4.0,4.0,4.0
512244,2021-06-06,17043,23,DuPage County,IL,48.9,451424,451215.0,57.2,436381,61.0,118297,79.4,97.6,592557.0,64.2,590955.0,74.9,555436.0,77.6,142659.0,95.7,A,3.0,4.0,4.0,4.0,Metro,3.0,4.0,4.0,4.0
517518,2021-06-05,17043,22,DuPage County,IL,48.3,445861,445823.0,56.5,433382,60.6,118011,79.2,97.6,588699.0,63.8,587205.0,74.4,553000.0,77.3,142470.0,95.6,A,3.0,4.0,4.0,4.0,Metro,3.0,4.0,4.0,4.0
519512,2021-06-04,17043,22,DuPage County,IL,48.1,443711,443702.0,56.2,431657,60.3,117834,79.1,97.6,586584.0,63.6,585147.0,74.1,551524.0,77.1,142333.0,95.5,A,3.0,4.0,4.0,4.0,Metro,3.0,4.0,4.0,4.0
523242,2021-06-03,17043,22,DuPage County,IL,48.1,443692,443683.0,56.2,431639,60.3,117833,79.1,97.6,586568.0,63.6,585131.0,74.1,551510.0,77.1,142332.0,95.5,A,3.0,4.0,4.0,4.0,Metro,3.0,4.0,4.0,4.0
527169,2021-06-02,17043,22,DuPage County,IL,47.9,442080,442072.0,56.0,430165,60.1,117679,79.0,97.6,585117.0,63.4,583717.0,74.0,550491.0,77.0,142223.0,95.5,A,3.0,4.0,4.0,4.0,Metro,3.0,4.0,4.0,4.0
529650,2021-06-01,17043,22,DuPage County,IL,47.8,441191,441184.0,55.9,429349,60.0,117598,78.9,97.6,584268.0,63.3,582881.0,73.9,549905.0,76.9,142166.0,95.4,A,3.0,4.0,4.0,4.0,Metro,3.0,4.0,4.0,4.0
532978,2021-05-31,17043,22,DuPage County,IL,47.6,439086,439080.0,55.6,427456,59.8,117457,78.8,97.6,581900.0,63.0,580578.0,73.6,548481.0,76.7,142078.0,95.4,A,3.0,4.0,4.0,4.0,Metro,3.0,4.0,4.0,4.0
537310,2021-05-30,17043,22,DuPage County,IL,47.4,437275,437269.0,55.4,425799,59.5,117296,78.7,97.6,579101.0,62.7,577852.0,73.2,546805.0,76.4,141963.0,95.3,A,3.0,4.0,4.0,4.0,Metro,3.0,4.0,4.0,4.0
540539,2021-05-29,17043,21,DuPage County,IL,47.4,437264,437258.0,55.4,425789,59.5,117296,78.7,97.6,579080.0,62.7,577831.0,73.2,546787.0,76.4,141962.0,95.3,A,3.0,4.0,4.0,4.0,Metro,3.0,4.0,4.0,4.0
543326,2021-05-28,17043,21,DuPage County,IL,46.6,429649,429645.0,54.4,418790,58.5,116616,78.3,97.6,570522.0,61.8,569499.0,72.2,541410.0,75.7,141497.0,95.0,A,3.0,4.0,4.0,4.0,Metro,3.0,4.0,4.0,4.0
546843,2021-05-27,17043,21,DuPage County,IL,46.6,429630,429626.0,54.4,418774,58.5,116615,78.3,97.6,570501.0,61.8,569478.0,72.2,541390.0,75.7,141496.0,95.0,A,3.0,4.0,4.0,4.0,Metro,3.0,4.0,4.0,4.0
549423,2021-05-26,17043,21,DuPage County,IL,46.5,429564,429560.0,54.4,418708,58.5,116613,78.3,97.6,570468.0,61.8,569445.0,72.2,541360.0,75.7,141495.0,95.0,A,3.0,4.0,4.0,4.0,Metro,3.0,4.0,4.0,4.0
552922,2021-05-25,17043,21,DuPage County,IL,46.3,426882,426878.0,54.1,416320,58.2,116380,78.1,97.6,567327.0,61.5,566379.0,71.8,539332.0,75.4,141288.0,94.8,A,3.0,4.0,4.0,4.0,Metro,3.0,4.0,4.0,4.0
557217,2021-05-24,17043,21,DuPage County,IL,46.0,424450,424446.0,53.8,414209,57.9,116226,78.0,97.6,564621.0,61.2,563738.0,71.4,537652.0,75.2,141180.0,94.8,A,3.0,4.0,4.0,4.0,Metro,3.0,4.0,4.0,4.0
560567,2021-05-23,17043,21,DuPage County,IL,45.8,422753,422749.0,53.6,412694,57.7,116132,77.9,97.6,562350.0,60.9,561551.0,71.2,536405.0,75.0,141114.0,94.7,A,3.0,4.0,4.0,4.0,Metro,3.0,4.0,4.0,4.0
563174,2021-05-22,17043,20,DuPage County,IL,45.1,416130,416127.0,52.7,406824,56.9,115637,77.6,97.6,555649.0,60.2,555005.0,70.3,531902.0,74.4,140597.0,94.4,A,3.0,4.0,4.0,4.0,Metro,3.0,4.0,4.0,4.0
567324,2021-05-21,17043,20,DuPage County,IL,44.5,410376,410373.0,52.0,401668,56.2,115267,77.4,97.6,549637.0,59.6,549122.0,69.6,527962.0,73.8,140298.0,94.2,A,3.0,4.0,4.0,4.0,Metro,3.0,4.0,4.0,4.0
570993,2021-05-20,17043,20,DuPage County,IL,44.0,406295,406292.0,51.5,397969,55.6,114964,77.2,97.6,546219.0,59.2,545784.0,69.2,525800.0,73.5,140129.0,94.0,A,3.0,4.0,4.0,4.0,Metro,3.0,4.0,4.0,4.0
571190,2021-05-19,17043,20,DuPage County,IL,44.0,406267,406264.0,51.5,397941,55.6,114963,77.2,97.6,546187.0,59.2,545752.0,69.2,525773.0,73.5,140126.0,94.0,A,3.0,4.0,4.0,4.0,Metro,3.0,4.0,4.0,4.0
577092,2021-05-18,17043,20,DuPage County,IL,43.4,400883,400880.0,50.8,393022,54.9,114653,76.9,97.6,541997.0,58.7,541654.0,68.6,523012.0,73.1,139920.0,93.9,A,3.0,4.0,4.0,4.0,Metro,3.0,4.0,4.0,4.0
577738,2021-05-17,17043,20,DuPage County,IL,43.2,398805,398802.0,50.5,391118,54.7,114529,76.9,97.6,540729.0,58.6,540422.0,68.5,522276.0,73.0,139864.0,93.9,A,3.0,4.0,4.0,4.0,Metro,3.0,4.0,4.0,4.0
582339,2021-05-16,17043,20,DuPage County,IL,43.0,396938,396935.0,50.3,389454,54.4,114437,76.8,97.6,539240.0,58.4,538982.0,68.3,521435.0,72.9,139821.0,93.8,A,3.0,4.0,4.0,4.0,Metro,3.0,4.0,4.0,4.0
584632,2021-05-15,17043,19,DuPage County,IL,41.9,386927,386924.0,49.0,380098,53.1,113767,76.4,97.6,531273.0,57.6,531191.0,67.3,516242.0,72.2,139398.0,93.6,A,3.0,3.0,4.0,4.0,Metro,3.0,3.0,4.0,4.0
589739,2021-05-14,17043,19,DuPage County,IL,41.9,386874,386871.0,49.0,380047,53.1,113766,76.4,97.6,531252.0,57.6,531170.0,67.3,516224.0,72.2,139397.0,93.6,A,3.0,3.0,4.0,4.0,Metro,3.0,3.0,4.0,4.0
593437,2021-05-13,17043,19,DuPage County,IL,41.4,382384,382381.0,48.5,375933,52.6,113439,76.1,97.6,528748.0,57.3,528725.0,67.0,514558.0,71.9,139251.0,93.5,A,3.0,3.0,4.0,4.0,Metro,3.0,3.0,4.0,4.0
594258,2021-05-12,17043,19,DuPage County,IL,40.8,376542,376539.0,47.7,370512,51.8,112975,75.8,97.6,526833.0,57.1,526810.0,66.8,512782.0,71.7,139088.0,93.3,A,3.0,3.0,4.0,4.0,Metro,3.0,3.0,4.0,4.0
597864,2021-05-11,17043,19,DuPage County,IL,40.2,371232,371229.0,47.0,365538,51.1,112644,75.6,97.6,524524.0,56.8,524501.0,66.5,510601.0,71.4,138862.0,93.2,A,3.0,3.0,4.0,4.0,Metro,3.0,3.0,4.0,4.0
603704,2021-05-10,17043,19,DuPage County,IL,39.8,366976,366973.0,46.5,361568,50.5,112415,75.4,97.6,522159.0,56.6,522136.0,66.2,508449.0,71.1,138670.0,93.1,A,2.0,3.0,4.0,4.0,Metro,2.0,3.0,4.0,4.0
605004,2021-05-09,17043,19,DuPage County,IL,39.1,361034,361031.0,45.7,356245,49.8,112129,75.3,97.6,518691.0,56.2,518668.0,65.7,505326.0,70.6,138448.0,92.9,A,2.0,3.0,3.0,4.0,Metro,2.0,3.0,3.0,4.0
608767,2021-05-08,17043,18,DuPage County,IL,38.5,355109,355106.0,45.0,350844,49.0,111775,75.0,97.6,515165.0,55.8,515142.0,65.3,502222.0,70.2,138190.0,92.7,A,2.0,3.0,3.0,4.0,Metro,2.0,3.0,3.0,4.0
611009,2021-05-07,17043,18,DuPage County,IL,37.7,348003,348000.0,44.1,344233,48.1,111384,74.8,97.6,512036.0,55.5,512013.0,64.9,499380.0,69.8,137928.0,92.6,A,2.0,3.0,3.0,4.0,Metro,2.0,3.0,3.0,4.0
614879,2021-05-06,17043,18,DuPage County,IL,36.4,335951,335948.0,42.6,332839,46.5,110556,74.2,97.5,506754.0,54.9,506731.0,64.2,494538.0,69.1,137480.0,92.3,A,2.0,3.0,3.0,4.0,Metro,2.0,3.0,3.0,4.0
617735,2021-05-05,17043,18,DuPage County,IL,36.4,335931,335928.0,42.6,332819,46.5,110554,74.2,97.6,506738.0,54.9,506715.0,64.2,494522.0,69.1,137477.0,92.3,A,2.0,3.0,3.0,4.0,Metro,2.0,3.0,3.0,4.0
620419,2021-05-04,17043,18,DuPage County,IL,35.5,327896,327893.0,41.6,325169,45.5,109889,73.8,97.5,502929.0,54.5,502906.0,63.7,491021.0,68.6,137167.0,92.1,A,2.0,3.0,3.0,4.0,Metro,2.0,3.0,3.0,4.0
625199,2021-05-03,17043,18,DuPage County,IL,35.3,325444,325441.0,41.2,322825,45.1,109737,73.6,97.5,501591.0,54.3,501568.0,63.6,489774.0,68.5,137061.0,92.0,A,2.0,3.0,3.0,4.0,Metro,2.0,3.0,3.0,4.0
627611,2021-05-02,17043,18,DuPage County,IL,35.2,324661,324658.0,41.1,322083,45.0,109641,73.6,97.5,500572.0,54.2,500549.0,63.4,488874.0,68.3,136996.0,91.9,A,2.0,3.0,3.0,4.0,Metro,2.0,3.0,3.0,4.0
633138,2021-05-01,17043,17,DuPage County,IL,34.9,322070,322067.0,40.8,319629,44.7,109405,73.4,97.6,498795.0,54.0,498772.0,63.2,487251.0,68.1,136874.0,91.9,A,2.0,3.0,3.0,4.0,Metro,2.0,3.0,3.0,4.0
636474,2021-04-30,17043,17,DuPage County,IL,33.8,312108,312105.0,39.5,309994,43.3,108342,72.7,97.5,491427.0,53.2,491404.0,62.3,480638.0,67.2,136348.0,91.5,A,2.0,2.0,3.0,4.0,Metro,2.0,2.0,3.0,4.0
639386,2021-04-29,17043,17,DuPage County,IL,33.8,312080,312077.0,39.5,309968,43.3,108335,72.7,97.6,491409.0,53.2,491386.0,62.3,480620.0,67.2,136346.0,91.5,A,2.0,2.0,3.0,4.0,Metro,2.0,2.0,3.0,4.0
642421,2021-04-28,17043,17,DuPage County,IL,33.2,306318,306315.0,38.8,304382,42.6,107737,72.3,97.6,487543.0,52.8,487520.0,61.8,477233.0,66.7,136050.0,91.3,A,2.0,2.0,3.0,4.0,Metro,2.0,2.0,3.0,4.0
645505,2021-04-27,17043,17,DuPage County,IL,32.7,301399,301396.0,38.2,299587,41.9,107169,71.9,97.5,482391.0,52.3,482368.0,61.1,472569.0,66.1,135754.0,91.1,A,2.0,2.0,3.0,4.0,Metro,2.0,2.0,3.0,4.0
648898,2021-04-26,17043,17,DuPage County,IL,32.2,297629,297626.0,37.7,295912,41.4,106704,71.6,97.5,478521.0,51.8,478498.0,60.6,469017.0,65.6,135513.0,90.9,A,2.0,2.0,3.0,4.0,Metro,2.0,2.0,3.0,4.0
651126,2021-04-25,17043,17,DuPage County,IL,31.4,290056,290053.0,36.8,288509,40.3,105932,71.1,97.5,471551.0,51.1,471528.0,59.8,462742.0,64.7,135088.0,90.7,A,2.0,2.0,3.0,4.0,Metro,2.0,2.0,3.0,4.0
656090,2021-04-24,17043,16,DuPage County,IL,31.4,289998,289995.0,36.7,288452,40.3,105931,71.1,97.5,471493.0,51.1,471470.0,59.7,462692.0,64.7,135084.0,90.7,A,2.0,2.0,3.0,4.0,Metro,2.0,2.0,3.0,4.0
657067,2021-04-23,17043,16,DuPage County,IL,30.7,283536,283533.0,35.9,282107,39.4,105135,70.6,97.6,465757.0,50.5,465734.0,59.0,457393.0,63.9,134664.0,90.4,A,2.0,2.0,2.0,4.0,Metro,2.0,2.0,2.0,4.0
662911,2021-04-22,17043,16,DuPage County,IL,30.1,278032,278029.0,35.2,276691,38.7,104260,70.0,97.5,459637.0,49.8,459614.0,58.2,451768.0,63.2,134193.0,90.1,A,2.0,2.0,2.0,4.0,Metro,2.0,2.0,2.0,4.0
665750,2021-04-21,17043,16,DuPage County,IL,29.5,271838,271835.0,34.4,270563,37.8,103324,69.3,97.5,452561.0,49.0,452538.0,57.3,445236.0,62.2,133740.0,89.8,A,1.0,2.0,2.0,3.0,Metro,1.0,2.0,2.0,3.0
668875,2021-04-20,17043,16,DuPage County,IL,28.6,264058,264055.0,33.5,262887,36.7,101862,68.4,97.5,444706.0,48.2,444683.0,56.3,437937.0,61.2,133251.0,89.4,A,1.0,2.0,2.0,3.0,Metro,1.0,2.0,2.0,3.0
670608,2021-04-19,17043,16,DuPage County,IL,28.2,260177,260174.0,33.0,259058,36.2,101113,67.9,97.5,441861.0,47.9,441838.0,56.0,435284.0,60.8,133055.0,89.3,A,1.0,2.0,2.0,3.0,Metro,1.0,2.0,2.0,3.0
674162,2021-04-18,17043,16,DuPage County,IL,27.8,256478,256475.0,32.5,255419,35.7,100431,67.4,97.5,438085.0,47.5,438062.0,55.5,431951.0,60.4,132901.0,89.2,A,1.0,2.0,2.0,3.0,Metro,1.0,2.0,2.0,3.0
676204,2021-04-17,17043,15,DuPage County,IL,27.2,250975,250972.0,31.8,249991,34.9,99371,66.7,97.5,432365.0,46.8,432342.0,54.8,426691.0,59.6,132569.0,89.0,A,1.0,2.0,2.0,3.0,Metro,1.0,2.0,2.0,3.0
682390,2021-04-16,17043,15,DuPage County,IL,26.4,243352,243349.0,30.8,242429,33.9,97420,65.4,97.5,424051.0,45.9,424029.0,53.7,418886.0,58.6,131996.0,88.6,A,1.0,2.0,2.0,3.0,Metro,1.0,2.0,2.0,3.0
685830,2021-04-15,17043,15,DuPage County,IL,25.6,236496,236493.0,30.0,235638,32.9,95719,64.2,97.5,414800.0,44.9,414778.0,52.6,410237.0,57.3,131441.0,88.2,A,1.0,2.0,2.0,3.0,Metro,1.0,2.0,2.0,3.0
688315,2021-04-14,17043,15,DuPage County,IL,25.1,231512,231509.0,29.3,230702,32.3,94414,63.4,97.5,406964.0,44.1,406942.0,51.6,402803.0,56.3,130914.0,87.9,A,1.0,1.0,2.0,3.0,Metro,1.0,1.0,2.0,3.0
690477,2021-04-13,17043,15,DuPage County,IL,24.3,224404,224401.0,28.4,223652,31.3,92762,62.3,97.5,399701.0,43.3,399679.0,50.6,396016.0,55.4,130414.0,87.5,A,1.0,1.0,2.0,3.0,Metro,1.0,1.0,2.0,3.0
694491,2021-04-12,17043,15,DuPage County,IL,23.8,219757,219754.0,27.8,219049,30.6,91612,61.5,97.5,394492.0,42.7,394470.0,50.0,391008.0,54.7,130039.0,87.3,A,1.0,1.0,2.0,3.0,Metro,1.0,1.0,2.0,3.0
699000,2021-04-11,17043,15,DuPage County,IL,22.8,210065,210062.0,26.6,209450,29.3,89719,60.2,97.5,381889.0,41.4,381867.0,48.4,378892.0,53.0,129104.0,86.6,A,1.0,1.0,1.0,3.0,Metro,1.0,1.0,1.0,3.0
701666,2021-04-10,17043,14,DuPage County,IL,22.7,209945,209942.0,26.6,209330,29.3,89712,60.2,97.5,381488.0,41.3,381466.0,48.3,378525.0,52.9,129098.0,86.6,A,1.0,1.0,1.0,3.0,Metro,1.0,1.0,1.0,3.0
704686,2021-04-09,17043,14,DuPage County,IL,21.6,199686,199684.0,25.3,199134,27.8,86491,58.0,97.5,373647.0,40.5,373626.0,47.3,370913.0,51.9,128272.0,86.1,A,1.0,1.0,1.0,3.0,Metro,1.0,1.0,1.0,3.0
706340,2021-04-08,17043,14,DuPage County,IL,20.8,191816,191814.0,24.3,191313,26.7,84036,56.4,97.6,364667.0,39.5,364646.0,46.2,362162.0,50.6,127430.0,85.5,A,1.0,1.0,1.0,3.0,Metro,1.0,1.0,1.0,3.0
710266,2021-04-07,17043,14,DuPage County,IL,20.1,185952,185950.0,23.6,185486,25.9,82018,55.0,97.6,356205.0,38.6,356184.0,45.1,353926.0,49.5,126594.0,85.0,A,1.0,1.0,1.0,3.0,Metro,1.0,1.0,1.0,3.0
712234,2021-04-06,17043,14,DuPage County,IL,19.5,180372,180370.0,22.9,179936,25.2,79832,53.6,97.7,348706.0,37.8,348685.0,44.2,346622.0,48.5,125785.0,84.4,A,1.0,1.0,1.0,3.0,Metro,1.0,1.0,1.0,3.0
718173,2021-04-05,17043,14,DuPage County,IL,19.3,178434,178432.0,22.6,178005,24.9,79205,53.2,97.8,344293.0,37.3,344272.0,43.6,342303.0,47.9,125343.0,84.1,A,1.0,1.0,1.0,3.0,Metro,1.0,1.0,1.0,3.0
721744,2021-04-04,17043,14,DuPage County,IL,19.3,177681,177679.0,22.5,177263,24.8,78871,52.9,97.8,341572.0,37.0,341551.0,43.3,339652.0,47.5,125049.0,83.9,A,1.0,1.0,1.0,3.0,Metro,1.0,1.0,1.0,3.0
723445,2021-04-03,17043,13,DuPage County,IL,18.9,174278,174276.0,22.1,173869,24.3,77786,52.2,97.8,335779.0,36.4,335758.0,42.5,333991.0,46.7,124421.0,83.5,A,1.0,1.0,1.0,3.0,Metro,1.0,1.0,1.0,3.0
727767,2021-04-02,17043,13,DuPage County,IL,18.2,168428,168426.0,21.3,168042,23.5,75117,50.4,97.9,323825.0,35.1,323804.0,41.0,322246.0,45.0,123100.0,82.6,A,1.0,1.0,1.0,3.0,Metro,1.0,1.0,1.0,3.0
731420,2021-04-01,17043,13,DuPage County,IL,17.8,164470,164468.0,20.8,164096,22.9,73441,49.3,97.9,315840.0,34.2,315819.0,40.0,314383.0,43.9,122083.0,81.9,A,1.0,1.0,1.0,2.0,Metro,1.0,1.0,1.0,2.0
732891,2021-03-31,17043,13,DuPage County,IL,17.5,161892,161890.0,20.5,161530,22.6,72272,48.5,98.0,309554.0,33.5,309533.0,39.2,308160.0,43.1,120975.0,81.2,A,1.0,1.0,1.0,2.0,Metro,1.0,1.0,1.0,2.0
735529,2021-03-30,17043,13,DuPage County,IL,17.2,158517,158515.0,20.1,158167,22.1,70663,47.4,98.1,302696.0,32.8,302675.0,38.4,301390.0,42.1,119599.0,80.3,A,1.0,1.0,1.0,2.0,Metro,1.0,1.0,1.0,2.0
738476,2021-03-29,17043,13,DuPage County,IL,16.9,156256,156254.0,19.8,155915,21.8,69489,46.6,98.2,298827.0,32.4,298806.0,37.9,297586.0,41.6,118943.0,79.8,A,1.0,1.0,1.0,2.0,Metro,1.0,1.0,1.0,2.0
741900,2021-03-28,17043,13,DuPage County,IL,16.6,153473,153471.0,19.4,153143,21.4,68134,45.7,98.2,295340.0,32.0,295319.0,37.4,294170.0,41.1,118307.0,79.4,A,1.0,1.0,1.0,2.0,Metro,1.0,1.0,1.0,2.0
746221,2021-03-27,17043,12,DuPage County,IL,16.2,149753,149751.0,19.0,149440,20.9,66397,44.6,98.2,289531.0,31.4,289510.0,36.7,288431.0,40.3,117037.0,78.5,A,1.0,1.0,1.0,2.0,Metro,1.0,1.0,1.0,2.0
750963,2021-03-26,17043,12,DuPage County,IL,15.8,145999,145997.0,18.5,145701,20.4,64636,43.4,98.3,281714.0,30.5,281693.0,35.7,280683.0,39.2,115341.0,77.4,A,1.0,1.0,1.0,2.0,Metro,1.0,1.0,1.0,2.0
751737,2021-03-25,17043,12,DuPage County,IL,15.6,143575,143573.0,18.2,143292,20.0,63525,42.6,98.3,274367.0,29.7,274346.0,34.8,273401.0,38.2,113764.0,76.4,A,1.0,1.0,1.0,2.0,Metro,1.0,1.0,1.0,2.0
756706,2021-03-24,17043,12,DuPage County,IL,15.3,140886,140884.0,17.9,140615,19.7,62220,41.8,98.4,265872.0,28.8,265851.0,33.7,264983.0,37.0,112109.0,75.2,A,1.0,1.0,1.0,2.0,Metro,1.0,1.0,1.0,2.0
758736,2021-03-23,17043,12,DuPage County,IL,15.0,138830,138828.0,17.6,138564,19.4,61210,41.1,98.4,258616.0,28.0,258595.0,32.8,257797.0,36.0,110821.0,74.4,A,1.0,1.0,1.0,2.0,Metro,1.0,1.0,1.0,2.0
764175,2021-03-22,17043,12,DuPage County,IL,14.8,136996,136995.0,17.4,136740,19.1,60466,40.6,98.4,253769.0,27.5,253750.0,32.2,252997.0,35.4,109367.0,73.4,A,1.0,1.0,1.0,2.0,Metro,1.0,1.0,1.0,2.0
765291,2021-03-21,17043,12,DuPage County,IL,14.6,134374,134373.0,17.0,134128,18.8,59525,40.0,98.4,249960.0,27.1,249941.0,31.7,249217.0,34.8,108624.0,72.9,A,1.0,1.0,1.0,2.0,Metro,1.0,1.0,1.0,2.0
770194,2021-03-20,17043,11,DuPage County,IL,14.0,128998,128997.0,16.3,128767,18.0,56921,38.2,98.3,236687.0,25.6,236668.0,30.0,236028.0,33.0,104851.0,70.4,A,1.0,1.0,1.0,2.0,Metro,1.0,1.0,1.0,2.0
772744,2021-03-19,17043,11,DuPage County,IL,14.0,128885,128884.0,16.3,128654,18.0,56837,38.1,98.4,236501.0,25.6,236482.0,30.0,235843.0,33.0,104805.0,70.3,A,1.0,1.0,1.0,2.0,Metro,1.0,1.0,1.0,2.0
776990,2021-03-18,17043,11,DuPage County,IL,13.4,123502,123501.0,15.6,123282,17.2,53714,36.1,98.4,224975.0,24.4,224956.0,28.5,224378.0,31.4,100569.0,67.5,A,1.0,1.0,1.0,2.0,Metro,1.0,1.0,1.0,2.0
778150,2021-03-17,17043,11,DuPage County,IL,13.0,120303,120302.0,15.2,120092,16.8,51962,34.9,98.3,219087.0,23.7,219068.0,27.8,218520.0,30.5,98410.0,66.0,A,1.0,1.0,1.0,2.0,Metro,1.0,1.0,1.0,2.0
781729,2021-03-16,17043,11,DuPage County,IL,13.0,120258,120257.0,15.2,120047,16.8,51932,34.9,98.4,219001.0,23.7,218982.0,27.7,218434.0,30.5,98393.0,66.0,A,1.0,1.0,1.0,2.0,Metro,1.0,1.0,1.0,2.0
785517,2021-03-15,17043,11,DuPage County,IL,12.8,118022,118021.0,15.0,117814,16.5,50853,34.1,98.4,215749.0,23.4,215730.0,27.3,215202.0,30.1,97279.0,65.3,A,1.0,1.0,1.0,2.0,Metro,1.0,1.0,1.0,2.0
788760,2021-03-14,17043,11,DuPage County,IL,12.2,112790,112789.0,14.3,112591,15.7,48403,32.5,98.3,211197.0,22.9,211178.0,26.8,210675.0,29.5,95846.0,64.3,A,1.0,1.0,1.0,2.0,Metro,1.0,1.0,1.0,2.0
791215,2021-03-13,17043,10,DuPage County,IL,11.8,109026,109025.0,13.8,108831,15.2,46195,31.0,98.3,207103.0,22.4,207084.0,26.2,206604.0,28.9,94521.0,63.4,A,1.0,1.0,1.0,2.0,Metro,1.0,1.0,1.0,2.0
794705,2021-03-12,17043,10,DuPage County,IL,11.2,103806,103805.0,13.2,103624,14.5,43416,29.1,98.3,199491.0,21.6,199472.0,25.3,199021.0,27.8,91573.0,61.5,A,1.0,1.0,1.0,1.0,Metro,1.0,1.0,1.0,1.0
799199,2021-03-11,17043,10,DuPage County,IL,10.6,98177,98176.0,12.4,98001,13.7,40898,27.4,98.2,195092.0,21.1,195073.0,24.7,194636.0,27.2,89626.0,60.2,A,1.0,1.0,1.0,1.0,Metro,1.0,1.0,1.0,1.0
802070,2021-03-10,17043,10,DuPage County,IL,10.2,94285,94284.0,11.9,94113,13.2,38587,25.9,98.2,189927.0,20.6,189908.0,24.1,189487.0,26.5,87252.0,58.6,A,1.0,1.0,1.0,1.0,Metro,1.0,1.0,1.0,1.0
806033,2021-03-09,17043,10,DuPage County,IL,9.8,90326,90325.0,11.4,90166,12.6,36217,24.3,98.2,185112.0,20.1,185093.0,23.5,184694.0,25.8,84998.0,57.0,A,1.0,1.0,1.0,1.0,Metro,1.0,1.0,1.0,1.0
807669,2021-03-08,17043,10,DuPage County,IL,9.4,86821,86820.0,11.0,86667,12.1,34491,23.1,98.2,181820.0,19.7,181801.0,23.0,181414.0,25.4,83691.0,56.2,A,1.0,1.0,1.0,1.0,Metro,1.0,1.0,1.0,1.0
812236,2021-03-07,17043,10,DuPage County,IL,9.2,85057,85056.0,10.8,84908,11.9,33626,22.6,98.2,179909.0,19.5,179890.0,22.8,179505.0,25.1,82966.0,55.7,A,1.0,1.0,1.0,1.0,Metro,1.0,1.0,1.0,1.0
814609,2021-03-06,17043,9,DuPage County,IL,8.7,80327,80326.0,10.2,80186,11.2,30886,20.7,98.1,173856.0,18.8,173837.0,22.0,173478.0,24.3,80578.0,54.1,A,1.0,1.0,1.0,1.0,Metro,1.0,1.0,1.0,1.0
820131,2021-03-05,17043,9,DuPage County,IL,8.2,75634,75633.0,9.6,75496,10.6,28091,18.9,98.1,169194.0,18.3,169176.0,21.4,168833.0,23.6,78587.0,52.7,A,1.0,1.0,1.0,1.0,Metro,1.0,1.0,1.0,1.0
821155,2021-03-04,17043,9,DuPage County,IL,7.7,71010,71009.0,9.0,70890,9.9,25388,17.0,98.0,163265.0,17.7,163247.0,20.7,162933.0,22.8,75917.0,51.0,A,1.0,1.0,1.0,1.0,Metro,1.0,1.0,1.0,1.0
825407,2021-03-03,17043,9,DuPage County,IL,7.3,67796,67795.0,8.6,67680,9.5,23308,15.6,98.0,158007.0,17.1,157989.0,20.0,157700.0,22.0,73386.0,49.3,A,1.0,1.0,1.0,1.0,Metro,1.0,1.0,1.0,1.0
828305,2021-03-02,17043,9,DuPage County,IL,7.1,65581,65580.0,8.3,65466,9.2,21956,14.7,98.0,154744.0,16.8,154726.0,19.6,154442.0,21.6,71803.0,48.2,A,1.0,1.0,1.0,1.0,Metro,1.0,1.0,1.0,1.0
832839,2021-03-01,17043,9,DuPage County,IL,6.9,64052,64051.0,8.1,63941,8.9,21081,14.1,98.0,151785.0,16.4,151767.0,19.2,151490.0,21.2,70135.0,47.1,A,1.0,1.0,1.0,1.0,Metro,1.0,1.0,1.0,1.0
834541,2021-02-28,17043,9,DuPage County,IL,6.7,61940,61939.0,7.8,61841,8.6,19838,13.3,98.0,147532.0,16.0,147514.0,18.7,147245.0,20.6,67644.0,45.4,A,1.0,1.0,1.0,1.0,Metro,1.0,1.0,1.0,1.0
839354,2021-02-27,17043,8,DuPage County,IL,6.4,58871,58870.0,7.5,58776,8.2,18092,12.1,97.9,144495.0,15.7,144477.0,18.3,144217.0,20.2,66036.0,44.3,A,1.0,1.0,1.0,1.0,Metro,1.0,1.0,1.0,1.0
841143,2021-02-26,17043,8,DuPage County,IL,6.1,56132,56131.0,7.1,56038,7.8,16744,11.2,97.9,142560.0,15.4,142542.0,18.1,142284.0,19.9,64969.0,43.6,A,1.0,1.0,1.0,1.0,Metro,1.0,1.0,1.0,1.0
844179,2021-02-25,17043,8,DuPage County,IL,5.8,53451,53450.0,6.8,53359,7.5,15283,10.3,97.8,139685.0,15.1,139667.0,17.7,139414.0,19.5,62848.0,42.2,A,1.0,1.0,1.0,1.0,Metro,1.0,1.0,1.0,1.0
849064,2021-02-24,17043,8,DuPage County,IL,5.4,49469,49468.0,6.3,49380,6.9,13526,9.1,97.8,131056.0,14.2,131038.0,16.6,130806.0,18.3,57588.0,38.7,A,1.0,1.0,1.0,1.0,Metro,1.0,1.0,1.0,1.0
850617,2021-02-23,17043,8,DuPage County,IL,5.1,47439,47438.0,6.0,47357,6.6,12256,8.2,97.7,128876.0,14.0,128858.0,16.3,128640.0,18.0,56205.0,37.7,A,1.0,1.0,1.0,1.0,Metro,1.0,1.0,1.0,1.0
854439,2021-02-22,17043,8,DuPage County,IL,5.0,46409,46408.0,5.9,46328,6.5,11616,7.8,97.7,127991.0,13.9,127973.0,16.2,127756.0,17.9,55760.0,37.4,A,1.0,1.0,1.0,1.0,Metro,1.0,1.0,1.0,1.0
858246,2021-02-21,17043,8,DuPage County,IL,4.8,44419,44418.0,5.6,44343,6.2,10714,7.2,97.7,125379.0,13.6,125361.0,15.9,125151.0,17.5,54215.0,36.4,A,1.0,1.0,1.0,1.0,Metro,1.0,1.0,1.0,1.0
860050,2021-02-20,17043,7,DuPage County,IL,4.7,43593,43592.0,5.5,43518,6.1,10206,6.8,97.7,124575.0,13.5,124557.0,15.8,124348.0,17.4,53713.0,36.0,A,1.0,1.0,1.0,1.0,Metro,1.0,1.0,1.0,1.0
866310,2021-02-19,17043,7,DuPage County,IL,4.5,41641,41640.0,5.3,41570,5.8,9395,6.3,97.7,122042.0,13.2,122024.0,15.5,121822.0,17.0,52489.0,35.2,A,1.0,1.0,1.0,1.0,Metro,1.0,1.0,1.0,1.0
868383,2021-02-18,17043,7,DuPage County,IL,4.3,39740,39739.0,5.0,39676,5.5,8683,5.8,97.7,118676.0,12.9,118658.0,15.0,118463.0,16.6,50763.0,34.1,A,1.0,1.0,1.0,1.0,Metro,1.0,1.0,1.0,1.0
870518,2021-02-17,17043,7,DuPage County,IL,4.1,38240,38239.0,4.8,38180,5.3,8159,5.5,97.7,115450.0,12.5,115432.0,14.6,115249.0,16.1,49146.0,33.0,A,1.0,1.0,1.0,1.0,Metro,1.0,1.0,1.0,1.0
874058,2021-02-16,17043,7,DuPage County,IL,4.0,37021,37020.0,4.7,36963,5.2,7646,5.1,97.7,112711.0,12.2,112693.0,14.3,112514.0,15.7,47454.0,31.8,A,1.0,1.0,1.0,1.0,Metro,1.0,1.0,1.0,1.0
878814,2021-02-15,17043,7,DuPage County,IL,3.9,36449,36448.0,4.6,36394,5.1,7403,5.0,97.7,110593.0,12.0,110575.0,14.0,110398.0,15.4,46464.0,31.2,A,1.0,1.0,1.0,1.0,Metro,1.0,1.0,1.0,1.0
881513,2021-02-14,17043,7,DuPage County,IL,3.9,35789,35788.0,4.5,35735,5.0,7174,4.8,97.7,107355.0,11.6,107337.0,13.6,107169.0,15.0,44900.0,30.1,A,1.0,1.0,1.0,1.0,Metro,1.0,1.0,1.0,1.0
885077,2021-02-13,17043,6,DuPage County,IL,3.7,34490,34489.0,4.4,34438,4.8,6573,4.4,97.7,103484.0,11.2,103466.0,13.1,103305.0,14.4,42794.0,28.7,A,1.0,1.0,1.0,1.0,Metro,1.0,1.0,1.0,1.0
889044,2021-02-12,17043,6,DuPage County,IL,3.3,30914,30913.0,3.9,30875,4.3,5606,3.8,97.6,93995.0,10.2,93977.0,11.9,93825.0,13.1,37200.0,25.0,A,1.0,1.0,1.0,1.0,Metro,1.0,1.0,1.0,1.0
892115,2021-02-11,17043,6,DuPage County,IL,3.3,30890,30889.0,3.9,30851,4.3,5600,3.8,97.7,93970.0,10.2,93952.0,11.9,93800.0,13.1,37179.0,25.0,A,1.0,1.0,1.0,1.0,Metro,1.0,1.0,1.0,1.0
895689,2021-02-10,17043,6,DuPage County,IL,3.2,29428,29427.0,3.7,29395,4.1,5185,3.5,97.7,89986.0,9.8,89968.0,11.4,89819.0,12.6,34791.0,23.3,A,1.0,1.0,1.0,1.0,Metro,1.0,1.0,1.0,1.0
896254,2021-02-09,17043,6,DuPage County,IL,3.1,28498,28497.0,3.6,28467,4.0,4936,3.3,97.7,87076.0,9.4,87058.0,11.0,86915.0,12.2,33199.0,22.3,A,1.0,1.0,1.0,1.0,Metro,1.0,1.0,1.0,1.0
901927,2021-02-08,17043,6,DuPage County,IL,3.0,27257,27256.0,3.5,27241,3.8,4406,3.0,97.7,83236.0,9.0,83219.0,10.5,83086.0,11.6,31240.0,21.0,A,1.0,1.0,1.0,1.0,Metro,1.0,1.0,1.0,1.0
904022,2021-02-07,17043,6,DuPage County,IL,2.9,26735,26734.0,3.4,26719,3.7,4213,2.8,97.7,81578.0,8.8,81561.0,10.3,81435.0,11.4,30315.0,20.3,A,1.0,1.0,1.0,1.0,Metro,1.0,1.0,1.0,1.0
908278,2021-02-06,17043,5,DuPage County,IL,2.8,25615,25614.0,3.2,25601,3.6,3840,2.6,97.7,77808.0,8.4,77791.0,9.9,77672.0,10.9,28409.0,19.1,A,1.0,1.0,1.0,1.0,Metro,1.0,1.0,1.0,1.0
911897,2021-02-05,17043,5,DuPage County,IL,2.7,24825,24824.0,3.1,24811,3.5,3696,2.5,97.8,73545.0,8.0,73530.0,9.3,73416.0,10.3,25819.0,17.3,A,1.0,1.0,1.0,1.0,Metro,1.0,1.0,1.0,1.0
913252,2021-02-04,17043,5,DuPage County,IL,2.6,23879,23878.0,3.0,23865,3.3,3422,2.3,97.8,69124.0,7.5,69110.0,8.8,68998.0,9.6,23073.0,15.5,A,1.0,1.0,1.0,1.0,Metro,1.0,1.0,1.0,1.0
919056,2021-02-03,17043,5,DuPage County,IL,2.5,22835,22834.0,2.9,22821,3.2,3177,2.1,97.9,65411.0,7.1,65402.0,8.3,65295.0,9.1,20910.0,14.0,A,1.0,1.0,1.0,1.0,Metro,1.0,1.0,1.0,1.0
920666,2021-02-02,17043,5,DuPage County,IL,2.3,21613,21612.0,2.7,21600,3.0,2972,2.0,97.8,62534.0,6.8,62525.0,7.9,62427.0,8.7,19186.0,12.9,A,1.0,1.0,1.0,1.0,Metro,1.0,1.0,1.0,1.0
923630,2021-02-01,17043,5,DuPage County,IL,2.3,21221,21220.0,2.7,21209,3.0,2879,1.9,97.8,60790.0,6.6,60781.0,7.7,60684.0,8.5,18192.0,12.2,A,1.0,1.0,1.0,1.0,Metro,1.0,1.0,1.0,1.0
928627,2021-01-31,17043,5,DuPage County,IL,2.3,20878,20877.0,2.6,20866,2.9,2802,1.9,97.8,59123.0,6.4,59115.0,7.5,59018.0,8.3,17434.0,11.7,A,1.0,1.0,1.0,1.0,Metro,1.0,1.0,1.0,1.0
929044,2021-01-30,17043,4,DuPage County,IL,2.2,20446,20445.0,2.6,20434,2.9,2721,1.8,97.8,55928.0,6.1,55920.0,7.1,55828.0,7.8,15439.0,10.4,A,1.0,1.0,1.0,1.0,Metro,1.0,1.0,1.0,1.0
934586,2021-01-29,17043,4,DuPage County,IL,2.1,19202,19201.0,2.4,19192,2.7,2370,1.6,97.8,52885.0,5.7,52878.0,6.7,52790.0,7.4,13938.0,9.4,A,1.0,1.0,1.0,1.0,Metro,1.0,1.0,1.0,1.0
937433,2021-01-28,17043,4,DuPage County,IL,2.0,18174,18173.0,2.3,18164,2.5,2205,1.5,97.9,50638.0,5.5,50632.0,6.4,50546.0,7.1,12867.0,8.6,A,1.0,1.0,1.0,1.0,Metro,1.0,1.0,1.0,1.0
941548,2021-01-27,17043,4,DuPage County,IL,1.8,16935,16934.0,2.1,16928,2.4,1944,1.3,97.9,47622.0,5.2,47617.0,6.0,47539.0,6.6,11270.0,7.6,A,1.0,1.0,1.0,1.0,Metro,1.0,1.0,1.0,1.0
944738,2021-01-26,17043,4,DuPage County,IL,1.8,16444,16443.0,2.1,16437,2.3,1891,1.3,97.9,45952.0,5.0,45947.0,5.8,45872.0,6.4,10553.0,7.1,A,1.0,1.0,1.0,1.0,Metro,1.0,1.0,1.0,1.0
947468,2021-01-25,17043,4,DuPage County,IL,1.8,16167,16166.0,2.0,16160,2.3,1855,1.2,97.9,44824.0,4.9,44819.0,5.7,44747.0,6.3,10099.0,6.8,A,1.0,1.0,1.0,1.0,Metro,1.0,1.0,1.0,1.0
948869,2021-01-24,17043,4,DuPage County,IL,1.7,15893,15892.0,2.0,15886,2.2,1825,1.2,97.8,43611.0,4.7,43606.0,5.5,43537.0,6.1,9520.0,6.4,A,1.0,1.0,1.0,1.0,Metro,1.0,1.0,1.0,1.0
952426,2021-01-23,17043,3,DuPage County,IL,1.7,15775,15774.0,2.0,15768,2.2,1813,1.2,97.9,42348.0,4.6,42343.0,5.4,42277.0,5.9,9031.0,6.1,A,1.0,1.0,1.0,1.0,Metro,1.0,1.0,1.0,1.0
957707,2021-01-22,17043,3,DuPage County,IL,1.7,15436,15435.0,2.0,15429,2.2,1766,1.2,97.9,40421.0,4.4,40417.0,5.1,40357.0,5.6,8381.0,5.6,A,1.0,1.0,1.0,1.0,Metro,1.0,1.0,1.0,1.0
958745,2021-01-21,17043,3,DuPage County,IL,1.6,14708,14707.0,1.9,14701,2.1,1576,1.1,97.9,38194.0,4.1,38190.0,4.8,38132.0,5.3,7601.0,5.1,A,1.0,1.0,1.0,1.0,Metro,1.0,1.0,1.0,1.0
962991,2021-01-20,17043,3,DuPage County,IL,1.5,13510,13509.0,1.7,13508,1.9,1155,0.8,97.9,36412.0,3.9,36408.0,4.6,36364.0,5.1,6833.0,4.6,A,1.0,1.0,1.0,1.0,Metro,1.0,1.0,1.0,1.0
965633,2021-01-19,17043,3,DuPage County,IL,1.3,12415,12414.0,1.6,12414,1.7,1017,0.7,98.1,34867.0,3.8,34863.0,4.4,34823.0,4.9,6219.0,4.2,A,1.0,1.0,1.0,1.0,Metro,1.0,1.0,1.0,1.0
970587,2021-01-18,17043,3,DuPage County,IL,1.3,12279,12278.0,1.6,12278,1.7,1005,0.7,98.2,33995.0,3.7,33991.0,4.3,33955.0,4.7,5806.0,3.9,A,1.0,1.0,1.0,1.0,Metro,1.0,1.0,1.0,1.0
974642,2021-01-17,17043,3,DuPage County,IL,1.3,12168,12167.0,1.5,12167,1.7,995,0.7,98.2,33057.0,3.6,33053.0,4.2,33017.0,4.6,5460.0,3.7,A,1.0,1.0,1.0,1.0,Metro,1.0,1.0,1.0,1.0
978000,2021-01-16,17043,2,DuPage County,IL,1.3,12040,12039.0,1.5,12039,1.7,977,0.7,98.3,31602.0,3.4,31598.0,4.0,31576.0,4.4,4819.0,3.2,A,1.0,1.0,1.0,1.0,Metro,1.0,1.0,1.0,1.0
980512,2021-01-15,17043,2,DuPage County,IL,1.3,11845,11844.0,1.5,11844,1.7,959,0.6,98.4,29728.0,3.2,29724.0,3.8,29703.0,4.2,4364.0,2.9,A,1.0,1.0,1.0,1.0,Metro,1.0,1.0,1.0,1.0
981699,2021-01-14,17043,2,DuPage County,IL,1.1,10537,10536.0,1.3,10536,1.5,863,0.6,98.5,28021.0,3.0,28017.0,3.6,27999.0,3.9,4121.0,2.8,A,1.0,1.0,1.0,1.0,Metro,1.0,1.0,1.0,1.0
987304,2021-01-13,17043,2,DuPage County,IL,1.0,9680,9680.0,1.2,9680,1.4,789,0.5,98.6,26193.0,2.8,26189.0,3.3,26172.0,3.7,3826.0,2.6,A,1.0,1.0,1.0,1.0,Metro,1.0,1.0,1.0,1.0
989962,2021-01-12,17043,2,DuPage County,IL,0.9,7937,7937.0,1.0,7937,1.1,626,0.4,98.6,23993.0,2.6,23989.0,3.0,23973.0,3.4,3472.0,2.3,A,1.0,1.0,1.0,1.0,Metro,1.0,1.0,1.0,1.0
992686,2021-01-11,17043,2,DuPage County,IL,0.7,6328,6328.0,0.8,6328,0.9,451,0.3,98.6,23592.0,2.6,23588.0,3.0,23572.0,3.3,3351.0,2.2,A,1.0,1.0,1.0,1.0,Metro,1.0,1.0,1.0,1.0
997600,2021-01-10,17043,2,DuPage County,IL,0.6,5316,5316.0,0.7,5316,0.7,363,0.2,98.5,22937.0,2.5,22933.0,2.9,22917.0,3.2,3241.0,2.2,A,1.0,1.0,1.0,1.0,Metro,1.0,1.0,1.0,1.0
1000031,2021-01-09,17043,1,DuPage County,IL,0.4,3585,3585.0,0.5,3585,0.5,248,0.2,98.5,22066.0,2.4,22062.0,2.8,22049.0,3.1,3117.0,2.1,A,1.0,1.0,1.0,1.0,Metro,1.0,1.0,1.0,1.0
1003349,2021-01-08,17043,1,DuPage County,IL,0.2,1831,1831.0,0.2,1831,0.3,142,0.1,98.3,19854.0,2.2,19850.0,2.5,19842.0,2.8,2452.0,1.6,A,1.0,1.0,1.0,1.0,Metro,1.0,1.0,1.0,1.0
1005169,2021-01-07,17043,1,DuPage County,IL,0.0,381,381.0,0.0,381,0.1,41,0.0,96.3,19259.0,2.1,19255.0,2.4,19247.0,2.7,2360.0,1.6,A,1.0,1.0,1.0,1.0,Metro,,,1.0,
1009586,2021-01-06,17043,1,DuPage County,IL,0.0,132,132.0,0.0,132,0.0,25,0.0,94.6,17891.0,1.9,17887.0,2.3,17881.0,2.5,2119.0,1.4,A,1.0,1.0,1.0,1.0,Metro,,,,
1012448,2021-01-05,17043,1,DuPage County,IL,0.0,88,88.0,0.0,88,0.0,16,0.0,95.9,16607.0,1.8,16604.0,2.1,16598.0,2.3,1978.0,1.3,A,1.0,1.0,1.0,1.0,Metro,,,,
1017391,2021-01-04,17043,1,DuPage County,IL,0.0,79,79.0,0.0,79,0.0,15,0.0,97.4,16029.0,1.7,16026.0,2.0,16020.0,2.2,1916.0,1.3,A,1.0,1.0,1.0,1.0,Metro,,,,
1019929,2021-01-03,17043,1,DuPage County,IL,0.0,78,78.0,0.0,78,0.0,15,0.0,97.4,15719.0,1.7,15716.0,2.0,15710.0,2.2,1877.0,1.3,A,1.0,1.0,1.0,1.0,Metro,,,,
1023709,2021-01-02,17043,53,DuPage County,IL,0.0,78,78.0,0.0,78,0.0,15,0.0,97.3,15543.0,1.7,15540.0,2.0,15534.0,2.2,1830.0,1.2,A,1.0,1.0,1.0,1.0,Metro,,,,
1027481,2021-01-01,17043,53,DuPage County,IL,0.0,76,76.0,0.0,76,0.0,15,0.0,97.3,15034.0,1.6,15031.0,1.9,15026.0,2.1,1635.0,1.1,A,1.0,1.0,1.0,1.0,Metro,,,,
1029028,2020-12-31,17043,53,DuPage County,IL,0.0,74,74.0,0.0,74,0.0,14,0.0,97.0,13783.0,1.5,13780.0,1.7,13776.0,1.9,1387.0,0.9,A,1.0,1.0,1.0,1.0,Metro,,,,
1031997,2020-12-30,17043,53,DuPage County,IL,0.0,64,64.0,0.0,64,0.0,11,0.0,97.5,12390.0,1.3,12388.0,1.6,12386.0,1.7,1089.0,0.7,A,1.0,1.0,1.0,1.0,Metro,,,,
1035442,2020-12-29,17043,53,DuPage County,IL,0.0,0,0.0,0.0,0,0.0,0,0.0,0.0,0.0,0.0,0.0,0.0,0.0,0.0,0.0,0.0,A,,,,,Metro,,,,
1039335,2020-12-28,17043,53,DuPage County,IL,0.0,0,0.0,0.0,0,0.0,0,0.0,0.0,0.0,0.0,0.0,0.0,0.0,0.0,0.0,0.0,A,,,,,Metro,,,,
1041619,2020-12-27,17043,53,DuPage County,IL,0.0,0,0.0,0.0,0,0.0,0,0.0,0.0,0.0,0.0,0.0,0.0,0.0,0.0,0.0,0.0,A,,,,,Metro,,,,
1045151,2020-12-26,17043,52,DuPage County,IL,0.0,0,0.0,0.0,0,0.0,0,0.0,0.0,0.0,0.0,0.0,0.0,0.0,0.0,0.0,0.0,A,,,,,Metro,,,,
1048711,2020-12-25,17043,52,DuPage County,IL,0.0,0,0.0,0.0,0,0.0,0,0.0,0.0,0.0,0.0,0.0,0.0,0.0,0.0,0.0,0.0,A,,,,,Metro,,,,
1051588,2020-12-24,17043,52,DuPage County,IL,0.0,0,0.0,0.0,0,0.0,0,0.0,0.0,0.0,0.0,0.0,0.0,0.0,0.0,0.0,0.0,A,,,,,Metro,,,,
1056694,2020-12-23,17043,52,DuPage County,IL,0.0,0,0.0,0.0,0,0.0,0,0.0,0.0,0.0,0.0,0.0,0.0,0.0,0.0,0.0,0.0,A,,,,,Metro,,,,
1058826,2020-12-22,17043,52,DuPage County,IL,0.0,0,0.0,0.0,0,0.0,0,0.0,0.0,0.0,0.0,0.0,0.0,0.0,0.0,0.0,0.0,A,,,,,Metro,,,,
1061301,2020-12-21,17043,52,DuPage County,IL,0.0,0,0.0,0.0,0,0.0,0,0.0,0.0,0.0,0.0,0.0,0.0,0.0,0.0,0.0,0.0,A,,,,,Metro,,,,
1066002,2020-12-20,17043,52,DuPage County,IL,0.0,0,0.0,0.0,0,0.0,0,0.0,0.0,0.0,0.0,0.0,0.0,0.0,0.0,0.0,0.0,A,,,,,Metro,,,,
1069113,2020-12-19,17043,51,DuPage County,IL,0.0,0,0.0,0.0,0,0.0,0,0.0,0.0,0.0,0.0,0.0,0.0,0.0,0.0,0.0,0.0,A,,,,,Metro,,,,
1072631,2020-12-18,17043,51,DuPage County,IL,0.0,0,0.0,0.0,0,0.0,0,0.0,0.0,0.0,0.0,0.0,0.0,0.0,0.0,0.0,0.0,A,,,,,Metro,,,,
1076348,2020-12-17,17043,51,DuPage County,IL,0.0,0,0.0,0.0,0,0.0,0,0.0,0.0,0.0,0.0,0.0,0.0,0.0,0.0,0.0,0.0,A,,,,,Metro,,,,
1078791,2020-12-16,17043,51,DuPage County,IL,0.0,0,0.0,0.0,0,0.0,0,0.0,0.0,0.0,0.0,0.0,0.0,0.0,0.0,0.0,0.0,A,,,,,Metro,,,,
1083032,2020-12-15,17043,51,DuPage County,IL,0.0,0,0.0,0.0,0,0.0,0,0.0,0.0,0.0,0.0,0.0,0.0,0.0,0.0,0.0,0.0,A,,,,,Metro,,,,
1084092,2020-12-14,17043,51,DuPage County,IL,0.0,0,0.0,0.0,0,0.0,0,0.0,0.0,0.0,0.0,0.0,0.0,0.0,0.0,0.0,0.0,A,,,,,Metro,,,,
1088952,2020-12-13,17043,51,DuPage County,IL,0.0,0,0.0,0.0,0,0.0,0,0.0,0.0,0.0,0.0,0.0,0.0,0.0,0.0,0.0,0.0,A,,,,,Metro,,,,
